row,Elongation,Seedling,Tillering,MeanDecreaseAccuracy,MeanDecreaseGini,Order,top,Group
OTU500,1.671315676,1.936837568,0,1.914572841,0.072419048,Rhodospirillales,1,Tillering
OTU313,2.224521354,2.173858667,1.417050503,2.433300301,0.060619048,Unassigned,2,Seedling
OTU90,1.417050503,1.896608105,1.417050503,1.982648436,0.058466667,Rhizobiales,3,Tillering
OTU1208,1.671315676,1.71058925,-1.001001503,1.632639179,0.054904762,Bacillales,4,Elongation
OTU392,1.34406228,1.389425036,1.001001503,1.632639179,0.049333333,Xanthomonadales,5,Seedling
OTU9,1.637365307,2.201482831,0,2.143772526,0.048390476,Unassigned,6,Seedling
OTU1358,1.417050503,2.120044374,1.001001503,2.128378156,0.04767619,Clostridiales,7,Tillering
OTU17,1.266939792,1.637365307,1.417050503,1.575323471,0.045333333,Rhodobacterales,8,Elongation
OTU188,1.671315676,1.917052779,0,1.878790713,0.045047619,Bacteroidales,9,Elongation
OTU903,0,1.001001503,1.001001503,1.001001503,0.044333333,Burkholderiales,10,Seedling
OTU426,1.001001503,1.417050503,1.001001503,1.411207742,0.042047619,Desulfuromonadales,11,Tillering
OTU972,1.001001503,0,0,1.001001503,0.041666667,Spirochaetales,12,Elongation
OTU1735,1.001001503,1.001001503,0,1.001001503,0.041142857,Acidobacteriales,13,Seedling
OTU558,2.085897421,1.84453388,0,2.154695561,0.038485714,Methylophilales,14,Tillering
OTU1095,1.34406228,1.72005229,0,1.637365307,0.03847619,Unassigned,15,Seedling
OTU748,1.575323471,1.671315676,0,1.72005229,0.038133333,Fusobacteriales,16,Elongation
OTU35,1.575323471,1.637365307,1.001001503,1.907618984,0.03747619,Rhizobiales,17,Seedling
OTU497,1.34406228,1.637365307,1.001001503,1.73727046,0.037,Rhodospirillales,18,Seedling
OTU170,1.001001503,1.417050503,0,1.380621367,0.036533333,Gaiellales,19,Tillering
OTU117,1.34406228,1.565161932,1.001001503,1.714425673,0.035666667,Sphingobacteriales,20,Seedling
OTU740,1.34406228,1.575323471,0,1.71058925,0.035609524,Rhodospirillales,21,Seedling
OTU400,1.637365307,1.791408695,0,1.874557158,0.034952381,Sphingobacteriales,22,Seedling
OTU547,1.417050503,1.671315676,0,1.650698587,0.034514286,Propionibacteriales,23,Seedling
OTU168,1.001001503,1.001001503,0,1.001001503,0.034333333,Sphingobacteriales,24,Seedling
OTU969,0,1.266939792,0,1.402752094,0.03387619,Oceanospirillales,25,Seedling
OTU368,1.001001503,1.34406228,1.417050503,1.580252203,0.033133333,Rhizobiales,26,Seedling
OTU554,1.001001503,1.001001503,0,1.001001503,0.032914286,Rhodospirillales,27,Seedling
OTU1328,1.001001503,1.266939792,0,1.389425036,0.03272381,Xanthomonadales,28,Seedling
OTU57,1.001001503,0,0,1.001001503,0.031819048,Rhodospirillales,29,Seedling
OTU1886,1.001001503,1.73727046,0,1.194819591,0.030866667,Rhodospirillales,30,Seedling
OTU884,1.001001503,1.001001503,0,1.001001503,0.030571429,Rhizobiales,31,Seedling
OTU1116,0,1.001001503,0,1.001001503,0.03,Acidimicrobiales,32,Seedling
OTU64,1.266939792,1.417050503,1.001001503,1.632639179,0.029866667,Oceanospirillales,33,Seedling
OTU186,0,0,0,0,0.029809524,Rhizobiales,34,Seedling
OTU103,1.417050503,1.34406228,1.001001503,1.417050503,0.029733333,Unassigned,35,Seedling
OTU503,1.001001503,1.417050503,1.001001503,1.34406228,0.029333333,Rhodospirillales,36,Seedling
OTU523,1.417050503,1.001001503,0,1.34406228,0.029285714,Subgroup_3,37,Seedling
OTU1050,-1.001001503,1.417050503,1.417050503,1.044636503,0.028190476,Clostridiales,38,Seedling
OTU31,1.001001503,1.389425036,0,1.34406228,0.027809524,Rhizobiales,39,Seedling
OTU1060,1.001001503,1.001001503,0,1.001001503,0.027666667,Subgroup_3,40,Seedling
OTU876,1.001001503,1.34406228,0,1.266939792,0.027533333,Rhizobiales,41,Seedling
OTU367,0,1.001001503,1.001001503,1.001001503,0.027533333,Xanthomonadales,42,Seedling
OTU146,1.73727046,1.671315676,1.001001503,1.710868304,0.027285714,Rhizobiales,43,Seedling
OTU253,1.671315676,1.73727046,0,1.723003869,0.026952381,Sphingobacteriales,44,Seedling
OTU296,-1.001001503,1.001001503,0,0,0.026866667,Myxococcales,45,Seedling
OTU981,1.001001503,1.001001503,0,1.001001503,0.026819048,Sphingomonadales,46,Seedling
OTU2,1.001001503,1.417050503,0,1.34406228,0.026809524,Pseudomonadales,47,Seedling
OTU10,1.417050503,1.73727046,0,1.632639179,0.0268,Acidobacteriales,48,Seedling
OTU865,0,0,0,0,0.026619048,Clostridiales,49,Seedling
OTU212,1.001001503,1.610067785,1.417050503,1.72005229,0.026542857,Acidobacteriales,50,Seedling
OTU580,1.417050503,1.575323471,1.001001503,1.72005229,0.026485714,Rhodospirillales,51,Seedling
OTU161,0,0,0,0,0.025866667,Hydrogenophilales,52,Seedling
OTU433,1.001001503,0,0,1.001001503,0.0258,Rhodospirillales,53,Seedling
OTU195,1.417050503,1.34406228,0,1.417050503,0.025666667,Myxococcales,54,Seedling
OTU1106,0,1.001001503,0,1.001001503,0.025666667,Frankiales,55,Seedling
OTU1195,-1.001001503,1.001001503,0,-0.318031526,0.02532381,Caulobacterales,56,Seedling
OTU1859,-1.001001503,1.001001503,1.001001503,1.001001503,0.0252,Rhodospirillales,57,Seedling
OTU213,1.417050503,1.001001503,1.001001503,1.389425036,0.025142857,Clostridiales,58,Seedling
OTU1200,1.001001503,1.671315676,1.001001503,1.677706217,0.025142857,Acidobacteriales,59,Seedling
OTU241,1.001001503,1.34406228,1.001001503,1.374578563,0.024809524,Sphingobacteriales,60,Seedling
OTU256,0.277371435,0,1.417050503,1.001001503,0.024714286,Subgroup_3,61,Seedling
OTU102,1.001001503,1.001001503,0,1.001001503,0.024666667,Burkholderiales,62,Seedling
OTU1551,0,0,0,0,0.023666667,Clostridiales,63,Seedling
OTU1146,0,1.001001503,1.001001503,1.001001503,0.023419048,Xanthomonadales,64,Seedling
OTU49,1.001001503,1.001001503,0,1.001001503,0.023133333,Gemmatimonadales,65,Seedling
OTU635,1.001001503,1.389425036,0,1.402752094,0.022809524,Unassigned,66,Seedling
OTU347,0,0,0,0,0.02252381,Rhizobiales,67,Seedling
OTU1100,1.001001503,1.389425036,0,1.389425036,0.022333333,Rhizobiales,68,Seedling
OTU266,1.001001503,1.001001503,0,1.001001503,0.022142857,Rhodospirillales,69,Seedling
OTU1000,1.73727046,1.302069277,0,1.637365307,0.0218,Rhizobiales,70,Seedling
OTU354,1.001001503,1.001001503,0,1.001001503,0.021666667,Rhodospirillales,71,Seedling
OTU958,1.001001503,1.001001503,-1.001001503,1.001001503,0.021514286,Rhizobiales,72,Seedling
OTU827,-1.001001503,1.001001503,0,-0.200008,0.0212,Sphingobacteriales,73,Seedling
OTU540,0,0,0,0,0.020952381,Rhodospirillales,74,Seedling
OTU1141,0,0,0,0,0.020952381,Sphingobacteriales,75,Seedling
OTU831,0,1.001001503,0,1.001001503,0.020666667,Gaiellales,76,Seedling
OTU425,1.001001503,1.417050503,0,1.322255749,0.020666667,Burkholderiales,77,Seedling
OTU206,1.34406228,-1.001001503,0,0.577542816,0.0206,Xanthomonadales,78,Seedling
OTU342,1.417050503,1.001001503,0,1.34406228,0.02047619,Subgroup_3,79,Seedling
OTU530,1.001001503,1.34406228,0,1.417050503,0.020428571,Subgroup_3,80,Seedling
OTU415,1.001001503,1.001001503,0,1.001001503,0.020333333,Xanthomonadales,81,Seedling
OTU699,1.001001503,1.702664148,1.001001503,1.677706217,0.020009524,Burkholderiales,82,Seedling
OTU1853,0,0,0,0,0.019714286,Rhodospirillales,83,Seedling
OTU527,0,0,0,0,0.01947619,Clostridiales,84,Seedling
OTU476,0,0,0,0,0.01947619,Sphingobacteriales,85,Seedling
OTU378,1.34406228,1.001001503,0,1.34406228,0.019419048,Rhodocyclales,86,Seedling
OTU1782,1.001001503,0,1.001001503,1.001001503,0.019419048,Pseudonocardiales,87,Seedling
OTU1342,1.001001503,1.001001503,0,1.001001503,0.0192,Clostridiales,88,Seedling
OTU499,0,0,0,0,0.0192,Rhizobiales,89,Seedling
OTU593,1.001001503,1.001001503,0,1.001001503,0.019142857,Burkholderiales,90,Seedling
OTU238,0,0,0,0,0.019,Clostridiales,91,Seedling
OTU1518,0,0,0,0,0.018942857,Bacteroidales,92,Seedling
OTU710,1.001001503,1.001001503,0,1.001001503,0.018619048,Caulobacterales,93,Seedling
OTU795,0,0,0,0,0.018619048,Ignavibacteriales,94,Seedling
OTU719,0,1.001001503,1.001001503,1.001001503,0.018609524,Sphingobacteriales,95,Seedling
OTU1575,0,1.001001503,0,1.001001503,0.018609524,Acidobacteriales,96,Seedling
OTU1248,1.001001503,1.001001503,0,1.001001503,0.018571429,Rhizobiales,97,Seedling
OTU1866,1.34406228,0,0,1.417050503,0.018514286,Unassigned,98,Seedling
OTU295,0,1.001001503,0,1.001001503,0.018333333,Caulobacterales,99,Seedling
OTU220,1.001001503,1.001001503,1.001001503,1.34406228,0.0182,Bacteroidales,100,Seedling
OTU1653,0,1.001001503,-1.001001503,0,0.018142857,Unassigned,101,Seedling
OTU1486,1.417050503,1.266939792,0,1.34406228,0.018095238,Micrococcales,102,Seedling
OTU598,1.34406228,1.001001503,-1.001001503,1.001001503,0.017866667,Clostridiales,103,Seedling
OTU842,0,0,-1.001001503,-1.001001503,0.01767619,Clostridiales,104,Seedling
OTU81,1.34406228,1.266939792,0,1.374578563,0.017533333,Sphingobacteriales,105,Seedling
OTU663,1.001001503,1.001001503,0,1.001001503,0.017533333,Unassigned,106,Seedling
OTU898,1.001001503,1.001001503,0,1.001001503,0.01747619,Rhodospirillales,107,Seedling
OTU1433,1.001001503,1.389425036,0,1.289591936,0.017333333,Clostridiales,108,Seedling
OTU7,0,1.001001503,0,1.001001503,0.017333333,Caulobacterales,109,Seedling
OTU240,1.001001503,1.001001503,0,1.001001503,0.017333333,Rhodocyclales,110,Seedling
OTU268,0,0,0,0,0.017333333,Xanthomonadales,111,Seedling
OTU1237,0,1.001001503,-1.001001503,0,0.017285714,Clostridiales,112,Seedling
OTU261,0,0,0,0,0.017190476,Sphingobacteriales,113,Seedling
OTU47,1.001001503,1.001001503,1.001001503,1.72005229,0.016866667,Sphingobacteriales,114,Seedling
OTU896,1.001001503,1.34406228,1.001001503,1.309934291,0.016809524,Rhizobiales,115,Seedling
OTU196,0,1.001001503,0,1.001001503,0.016809524,Burkholderiales,116,Seedling
OTU50,-1.001001503,1.001001503,1.001001503,0.277371435,0.016666667,Sphingobacteriales,117,Seedling
OTU151,1.001001503,-1.001001503,0,0.200008,0.016666667,Enterobacteriales,118,Seedling
OTU248,0,1.001001503,0,1.001001503,0.016657143,Clostridiales,119,Seedling
OTU1603,1.001001503,0,0,1.001001503,0.016380952,Rhizobiales,120,Seedling
OTU1021,0,1.001001503,0,1.001001503,0.016190476,Caulobacterales,121,Seedling
OTU1105,1.001001503,0,0,1.001001503,0.016142857,Frankiales,122,Seedling
OTU417,1.34406228,0,-1.001001503,1.001001503,0.016,Xanthomonadales,123,Seedling
OTU48,1.389425036,1.389425036,0,1.389425036,0.015866667,Sphingobacteriales,124,Seedling
OTU1471,1.001001503,1.214465419,0,1.413899397,0.015809524,Clostridiales,125,Seedling
OTU1833,0,0,0,0,0.015809524,Clostridiales,126,Seedling
OTU1778,1.001001503,-1.001001503,1.001001503,1.001001503,0.0158,Nitrospirales,127,Seedling
OTU666,0,1.001001503,0,1.001001503,0.015714286,Clostridiales,128,Seedling
OTU722,0,0,0,0,0.015666667,Subgroup_13,129,Seedling
OTU813,0,1.001001503,1.001001503,1.402752094,0.015333333,Neisseriales,130,Seedling
OTU1883,1.001001503,1.001001503,0,1.001001503,0.0152,Acidobacteriales,131,Seedling
OTU274,0,1.001001503,0,1.001001503,0.015133333,Clostridiales,132,Seedling
OTU652,1.001001503,0,0,1.001001503,0.015133333,Sphingobacteriales,133,Seedling
OTU536,-0.632708666,1.389425036,1.417050503,1.408348959,0.015066667,Gemmatimonadales,134,Seedling
OTU1011,1.34406228,0,1.001001503,1.389425036,0.015,Sphingobacteriales,135,Seedling
OTU12,1.001001503,1.001001503,0,1.001001503,0.015,Xanthomonadales,136,Seedling
OTU1800,1.417050503,1.001001503,0,1.411207742,0.014809524,Rhizobiales,137,Seedling
OTU281,1.001001503,1.001001503,0,1.001001503,0.014809524,Acidobacteriales,138,Seedling
OTU979,1.001001503,0,0,1.001001503,0.014809524,Acidimicrobiales,139,Seedling
OTU389,0,1.302069277,0,1.389425036,0.014666667,Rhizobiales,140,Seedling
OTU708,0,1.001001503,1.001001503,1.001001503,0.014666667,Clostridiales,141,Seedling
OTU22,0,0,0,0,0.014666667,Rhodospirillales,142,Seedling
OTU1542,1.389425036,1.001001503,1.001001503,1.36232155,0.014666667,Rubrobacterales,143,Seedling
OTU404,1.001001503,0,0,1.001001503,0.0146,Rhizobiales,144,Seedling
OTU152,-1.001001503,0,1.417050503,1.001001503,0.0142,Acidobacteriales,145,Seedling
OTU570,1.001001503,0,0,1.001001503,0.014142857,Desulfuromonadales,146,Seedling
OTU287,0,0,0,0,0.014085714,Xanthomonadales,147,Seedling
OTU225,0,1.001001503,0,1.001001503,0.013857143,Clostridiales,148,Seedling
OTU815,1.001001503,1.001001503,0,1.001001503,0.0138,Erysipelotrichales,149,Seedling
OTU429,0,0,0,0,0.0138,Clostridiales,150,Seedling
OTU897,0,0,0,0,0.013666667,Clostridiales,151,Seedling
OTU565,0,1.001001503,1.417050503,1.309934291,0.0136,Chthoniobacterales,152,Seedling
OTU447,0,0,0,0,0.013533333,Unassigned,153,Seedling
OTU6,1.001001503,1.001001503,0,1.389425036,0.013333333,Burkholderiales,154,Seedling
OTU112,1.389425036,1.001001503,0,1.389425036,0.013333333,Corynebacteriales,155,Seedling
OTU529,0,0,0,0,0.013333333,Bacteroidales,156,Seedling
OTU374,1.417050503,1.001001503,0,1.411207742,0.013333333,Burkholderiales,157,Seedling
OTU1507,0,0,0,0,0.012571429,Clostridiales,158,Seedling
OTU691,0,1.001001503,0,0.585406252,0.012485714,Xanthomonadales,159,Seedling
OTU139,0,1.001001503,0,1.001001503,0.012380952,Subgroup_3,160,Seedling
OTU1166,1.389425036,0,1.001001503,1.411207742,0.012380952,Burkholderiales,161,Seedling
OTU1211,1.001001503,0,1.001001503,1.001001503,0.012285714,Clostridiales,162,Seedling
OTU780,0,0,0,0,0.0122,Rhodospirillales,163,Seedling
OTU1590,1.001001503,0,0,1.001001503,0.012190476,Rhodospirillales,164,Seedling
OTU1024,0,0,0,0,0.012190476,Spirochaetales,165,Seedling
OTU1627,0,0,0,0,0.012009524,Clostridiales,166,Seedling
OTU1314,0,0,0,0,0.012,Clostridiales,167,Seedling
OTU379,1.001001503,0,1.001001503,1.001001503,0.011809524,Xanthomonadales,168,Seedling
OTU1244,1.001001503,0,-1.417050503,-1.001001503,0.0118,Clostridiales,169,Seedling
OTU311,0,1.389425036,1.417050503,1.417050503,0.011666667,Acidobacteriales,170,Seedling
OTU1674,1.001001503,1.001001503,0,1.001001503,0.011666667,Bacteroidales,171,Seedling
OTU1243,1.001001503,0,0,1.001001503,0.011666667,SC-I-84,172,Seedling
OTU1644,1.001001503,0,0,1.001001503,0.011666667,C0119,173,Seedling
OTU960,1.001001503,0,0,1.001001503,0.011666667,Sphingobacteriales,174,Seedling
OTU46,0,0,0,0,0.011666667,Clostridiales,175,Seedling
OTU590,0,0,0,0,0.011666667,Nitrosomonadales,176,Seedling
OTU1161,0,0,0,0,0.011666667,Clostridiales,177,Seedling
OTU1498,-1.001001503,0,-1.001001503,-1.417050503,0.011657143,Propionibacteriales,178,Seedling
OTU793,1.34406228,1.001001503,0,1.402752094,0.011533333,Sphingobacteriales,179,Seedling
OTU772,1.001001503,0,0,1.001001503,0.011466667,Clostridiales,180,Seedling
OTU618,1.001001503,1.001001503,0,1.001001503,0.011333333,Myxococcales,181,Seedling
OTU123,0,0,0,0,0.011333333,Bacteroidales,182,Seedling
OTU879,0,0,0,0,0.011333333,Pseudomonadales,183,Seedling
OTU343,0,1.001001503,1.001001503,1.001001503,0.011333333,Unassigned,184,Seedling
OTU671,1.001001503,1.001001503,1.417050503,1.411207742,0.0112,Acidimicrobiales,185,Seedling
OTU643,0,0,0,0,0.0112,Acidimicrobiales,186,Seedling
OTU1745,0,0,1.001001503,1.001001503,0.011133333,Lactobacillales,187,Seedling
OTU1576,0,0,0,0,0.011047619,Bacteroidales,188,Seedling
OTU1586,1.266939792,1.001001503,1.001001503,1.389425036,0.010866667,Rhizobiales,189,Seedling
OTU601,-1.001001503,0,0,-1.001001503,0.010857143,Rhodospirillales,190,Seedling
OTU1148,0,0,0,0,0.010833333,Acidimicrobiales,191,Seedling
OTU1545,1.001001503,0,1.001001503,1.001001503,0.0108,Myxococcales,192,Seedling
OTU1273,1.001001503,0,0,1.001001503,0.010666667,Xanthomonadales,193,Seedling
OTU505,0,0,0,0,0.010666667,Clostridiales,194,Seedling
OTU334,0,0,0,0,0.010666667,Acidobacteriales,195,Seedling
OTU435,0,0,0,0,0.010666667,Sphingobacteriales,196,Seedling
OTU1254,0,0,0,0,0.010666667,Oligoflexales,197,Seedling
OTU1179,-1.001001503,0,-1.001001503,-1.408348959,0.010666667,Bacteroidales,198,Seedling
OTU752,0,1.001001503,0,1.001001503,0.010514286,Clostridiales,199,Seedling
OTU18,-1.001001503,0,0,-1.001001503,0.010333333,Bacteroidales,200,Seedling
OTU345,1.001001503,1.001001503,0,1.001001503,0.010333333,Sphingobacteriales,201,Seedling
OTU323,0,1.001001503,1.001001503,1.001001503,0.010333333,Propionibacteriales,202,Seedling
OTU1412,1.001001503,0,0,1.001001503,0.010333333,Acidobacteriales,203,Seedling
OTU1250,1.001001503,1.001001503,0,1.001001503,0.010333333,Clostridiales,204,Seedling
OTU29,0,0,0,0,0.010333333,Rhodospirillales,205,Seedling
OTU56,0,0,0,0,0.010333333,Bacteroidales,206,Seedling
OTU74,0,0,0,0,0.010333333,Xanthomonadales,207,Seedling
OTU370,-1.001001503,0,1.001001503,0,0.010333333,Erysipelotrichales,208,Seedling
OTU294,0,0,0,0,0.010333333,Acidimicrobiales,209,Seedling
OTU1131,0,0,0,0,0.010333333,Clostridiales,210,Seedling
OTU1290,0,0,0,0,0.010333333,Clostridiales,211,Seedling
OTU1585,0,0,0,0,0.010333333,Clostridiales,212,Seedling
OTU1878,0,0,0,0,0.010333333,Rhodospirillales,213,Seedling
OTU314,1.001001503,1.001001503,0,1.402752094,0.010133333,Rhizobiales,214,Seedling
OTU145,0,0,0,0,0.010133333,Sphingomonadales,215,Seedling
OTU1618,0,0,0,0,0.010133333,GR-WP33-30,216,Seedling
OTU365,1.417050503,0,1.001001503,1.380621367,0.01,Frankiales,217,Seedling
OTU434,0,0,0,0,0.01,Rhizobiales,218,Seedling
OTU1315,1.417050503,0,0,1.370215269,0.009857143,Nitrospirales,219,Seedling
OTU77,1.001001503,0,1.001001503,1.001001503,0.009857143,Bacteroidales,220,Seedling
OTU563,0,0,0,0,0.009857143,Bacteroidales,221,Seedling
OTU582,0,1.001001503,1.001001503,1.001001503,0.0098,Burkholderiales,222,Seedling
OTU1236,1.001001503,1.001001503,0,1.001001503,0.0098,Clostridiales,223,Seedling
OTU1614,0,1.001001503,1.001001503,1.001001503,0.0098,Sphingobacteriales,224,Seedling
OTU86,0,0,0,0,0.0098,Rhizobiales,225,Seedling
OTU174,0,0,0,0,0.0098,Bacteroidales,226,Seedling
OTU233,0,0,0,0,0.0098,Lactobacillales,227,Seedling
OTU208,0,0,0,0,0.0098,Subgroup_3,228,Seedling
OTU265,0,0,0,0,0.0098,Propionibacteriales,229,Seedling
OTU302,0,0,0,0,0.0098,Ignavibacteriales,230,Seedling
OTU459,0,0,0,0,0.0098,Bacteroidales,231,Seedling
OTU697,0,0,0,0,0.0098,Myxococcales,232,Seedling
OTU948,0,0,0,0,0.0098,Sphingobacteriales,233,Seedling
OTU1048,0,0,0,0,0.0098,Selenomonadales,234,Seedling
OTU959,0,0,-1.001001503,-1.001001503,0.0098,Unassigned,235,Seedling
OTU1454,-1.001001503,-1.001001503,0,-1.001001503,0.0098,Rhodospirillales,236,Seedling
OTU1168,0,0,-1.001001503,-1.001001503,0.009666667,Micromonosporales,237,Seedling
OTU179,1.001001503,0,0,1.001001503,0.0096,Unassigned,238,Seedling
OTU1307,0,0,0,0,0.0096,Clostridiales,239,Seedling
OTU255,1.001001503,1.001001503,0,1.001001503,0.009333333,Burkholderiales,240,Seedling
OTU377,1.001001503,1.001001503,0,1.001001503,0.009333333,Fibrobacterales,241,Seedling
OTU485,1.001001503,1.001001503,1.001001503,1.001001503,0.009333333,Subgroup_3,242,Seedling
OTU545,1.001001503,0,0,1.001001503,0.009333333,Subgroup_3,243,Seedling
OTU504,1.001001503,1.001001503,0,1.001001503,0.009333333,Rhodospirillales,244,Seedling
OTU912,1.001001503,1.001001503,0,1.001001503,0.009333333,Myxococcales,245,Seedling
OTU1533,1.001001503,0,0,1.001001503,0.009333333,Clostridiales,246,Seedling
OTU1480,1.001001503,1.001001503,0,1.001001503,0.009333333,Xanthomonadales,247,Seedling
OTU1436,1.001001503,0,1.001001503,1.001001503,0.009333333,Rhizobiales,248,Seedling
OTU109,0,0,0,0,0.009333333,Acidobacteriales,249,Seedling
OTU280,0,0,0,0,0.009333333,Sphingomonadales,250,Seedling
OTU396,0,0,0,0,0.009333333,Desulfuromonadales,251,Seedling
OTU385,0,0,0,0,0.009333333,Rhodospirillales,252,Seedling
OTU515,0,0,0,0,0.009333333,Rhodospirillales,253,Seedling
OTU1101,0,0,0,0,0.009333333,Burkholderiales,254,Seedling
OTU844,0,0,0,0,0.009333333,Clostridiales,255,Seedling
OTU683,0,0,0,0,0.009333333,Ignavibacteriales,256,Seedling
OTU1202,0,0,0,0,0.009333333,Erysipelotrichales,257,Seedling
OTU1196,0,0,0,0,0.009333333,Caulobacterales,258,Seedling
OTU998,0,0,0,0,0.009333333,Sphingobacteriales,259,Seedling
OTU1297,0,0,0,0,0.009333333,Fusobacteriales,260,Seedling
OTU1226,0,0,0,0,0.009333333,Clostridiales,261,Seedling
OTU1887,0,0,0,0,0.009333333,Sphingobacteriales,262,Seedling
OTU1442,0,0,0,0,0.009333333,Clostridiales,263,Seedling
OTU24,0,-1.001001503,0,-1.001001503,0.009333333,Oceanospirillales,264,Seedling
OTU327,1.001001503,1.001001503,0,1.001001503,0.009285714,Rhodospirillales,265,Seedling
OTU653,1.001001503,1.001001503,0,1.001001503,0.009285714,Clostridiales,266,Seedling
OTU923,1.001001503,1.001001503,0,1.001001503,0.009285714,Gemmatimonadales,267,Seedling
OTU165,0,0,0,0,0.009285714,Xanthomonadales,268,Seedling
OTU947,0,0,0,0,0.009285714,Clostridiales,269,Seedling
OTU1390,0,0,0,0,0.009285714,Clostridiales,270,Seedling
OTU1366,0,0,0,0,0.009285714,Rhizobiales,271,Seedling
OTU1154,0,0,0,0,0.009285714,Rhodospirillales,272,Seedling
OTU1860,0,0,0,0,0.009285714,NKB5,273,Seedling
OTU1325,0,0,-1.001001503,-1.001001503,0.009285714,Unknown_Order,274,Seedling
OTU968,0,0,0,0,0.0092,Sphingobacteriales,275,Seedling
OTU830,1.001001503,1.001001503,0,1.001001503,0.009,Xanthomonadales,276,Seedling
OTU192,1.001001503,1.001001503,0,1.001001503,0.009,Rhizobiales,277,Seedling
OTU1292,1.001001503,0,0,1.001001503,0.009,Clostridiales,278,Seedling
OTU88,0,0,0,0,0.009,Sphingomonadales,279,Seedling
OTU293,0,0,0,0,0.009,Bacteroidales,280,Seedling
OTU810,0,0,0,0,0.009,Sphingobacteriales,281,Seedling
OTU1142,0,0,0,0,0.009,Propionibacteriales,282,Seedling
OTU1873,0,0,0,0,0.009,Rhizobiales,283,Seedling
OTU700,0,0,0,0,0.008914286,Xanthomonadales,284,Seedling
OTU272,0,1.001001503,0,1.001001503,0.008866667,Caulobacterales,285,Seedling
OTU551,1.001001503,1.001001503,0,1.001001503,0.008866667,Burkholderiales,286,Seedling
OTU1234,1.001001503,1.001001503,0,1.001001503,0.008866667,Clostridiales,287,Seedling
OTU531,0,1.001001503,0,1.001001503,0.008866667,Spirochaetales,288,Seedling
OTU695,0,1.001001503,0,1.001001503,0.008866667,Sphingomonadales,289,Seedling
OTU1046,1.001001503,1.001001503,0,1.001001503,0.008866667,Acidobacteriales,290,Seedling
OTU1863,0,1.001001503,1.001001503,1.001001503,0.008866667,Nitrosomonadales,291,Seedling
OTU1762,1.001001503,1.001001503,0,1.001001503,0.008866667,Bacillales,292,Seedling
OTU11,-1.001001503,0,1.001001503,0,0.008866667,Rhizobiales,293,Seedling
OTU305,0,0,0,0,0.008866667,Rhodospirillales,294,Seedling
OTU552,0,0,0,0,0.008866667,Xanthomonadales,295,Seedling
OTU739,0,0,0,0,0.008866667,Clostridiales,296,Seedling
OTU1266,0,0,0,0,0.008866667,Bacteroidales,297,Seedling
OTU1162,0,0,-1.001001503,-1.001001503,0.008866667,Sphingobacteriales,298,Seedling
OTU1028,1.001001503,0,0,1.001001503,0.008809524,Oligoflexales,299,Seedling
OTU854,1.001001503,1.001001503,0,1.001001503,0.008809524,SC-I-84,300,Seedling
OTU1711,1.001001503,1.001001503,0,1.001001503,0.008809524,Clostridiales,301,Seedling
OTU1135,1.001001503,1.001001503,0,1.001001503,0.008809524,Chromatiales,302,Seedling
OTU1478,1.001001503,1.001001503,0,1.001001503,0.008809524,Unassigned,303,Seedling
OTU156,0,0,0,0,0.008809524,Clostridiales,304,Seedling
OTU799,0,0,0,0,0.008809524,Sphingobacteriales,305,Seedling
OTU633,0,0,0,0,0.008809524,Gemmatimonadales,306,Seedling
OTU973,0,0,0,0,0.008809524,SC-I-84,307,Seedling
OTU1344,0,0,0,0,0.008809524,Myxococcales,308,Seedling
OTU1455,0,0,0,0,0.008809524,Unassigned,309,Seedling
OTU317,0,-1.001001503,0,-1.001001503,0.008809524,Acidimicrobiales,310,Seedling
OTU528,0,0,1.001001503,1.001001503,0.0088,Bacteroidales,311,Seedling
OTU694,0,0,0,0,0.0088,Xanthomonadales,312,Seedling
OTU450,0,1.417050503,1.417050503,1.389425036,0.008666667,Gemmatimonadales,313,Seedling
OTU1063,1.001001503,0,1.001001503,1.001001503,0.008666667,Micrococcales,314,Seedling
OTU1541,1.001001503,0,1.001001503,1.001001503,0.008666667,Rhodospirillales,315,Seedling
OTU996,0,0,0,0,0.008666667,Xanthomonadales,316,Seedling
OTU335,0,1.001001503,0,1.001001503,0.008666667,Bacillales,317,Seedling
OTU363,0,0,1.001001503,1.001001503,0.008666667,Sphingobacteriales,318,Seedling
OTU475,0,1.001001503,1.001001503,1.001001503,0.008666667,Acidobacteriales,319,Seedling
OTU34,0,0,0,0,0.008666667,Bacteroidales,320,Seedling
OTU39,0,0,0,0,0.008666667,Rhodospirillales,321,Seedling
OTU137,-1.001001503,0,1.001001503,0,0.008666667,Bacteroidales,322,Seedling
OTU276,0,0,0,0,0.008666667,Sphingobacteriales,323,Seedling
OTU231,0,0,0,0,0.008666667,Rhodospirillales,324,Seedling
OTU888,0,0,0,0,0.008666667,Clostridiales,325,Seedling
OTU769,0,0,0,0,0.008666667,Unassigned,326,Seedling
OTU1524,0,0,0,0,0.008666667,Myxococcales,327,Seedling
OTU1768,1.001001503,0,-1.001001503,0,0.008666667,Acidobacteriales,328,Seedling
OTU1279,0,0,0,0,0.008666667,Campylobacterales,329,Seedling
OTU319,0,0,0,0,0.008380952,Bacteroidales,330,Seedling
OTU412,1.417050503,0,1.001001503,1.289591936,0.008333333,Clostridiales,331,Seedling
OTU282,0,0,0,0,0.008333333,Bacteroidales,332,Seedling
OTU1158,1.001001503,1.001001503,0,1.001001503,0.008166667,Sphingobacteriales,333,Seedling
OTU1217,0,1.001001503,1.001001503,1.001001503,0.008133333,Unassigned,334,Seedling
OTU805,0,0,0,0,0.008111111,Clostridiales,335,Seedling
OTU1334,0,1.001001503,1.001001503,1.001001503,0.008,Clostridiales,336,Seedling
OTU1029,1.001001503,0,0,1.001001503,0.008,Sphingobacteriales,337,Seedling
OTU1224,1.001001503,1.001001503,0,1.001001503,0.008,Sphingobacteriales,338,Seedling
OTU44,0,0,0,0,0.008,Acidobacteriales,339,Seedling
OTU53,0,0,0,0,0.008,Acidobacteriales,340,Seedling
OTU197,0,0,0,0,0.008,Campylobacterales,341,Seedling
OTU557,0,0,0,0,0.008,Sphingobacteriales,342,Seedling
OTU464,1.001001503,0,-1.001001503,0,0.008,Rhodospirillales,343,Seedling
OTU690,0,0,0,0,0.008,Cytophagales,344,Seedling
OTU823,0,0,0,0,0.008,Oligoflexales,345,Seedling
OTU1246,0,0,0,0,0.008,Coriobacteriales,346,Seedling
OTU1339,0,0,0,0,0.008,Clostridiales,347,Seedling
OTU1772,0,0,0,0,0.008,Oligoflexales,348,Seedling
OTU1213,0,0,0,0,0.008,Desulfovibrionales,349,Seedling
OTU1550,0,0,0,0,0.008,Thermoanaerobacterales,350,Seedling
OTU1530,0,0,0,0,0.008,Oligoflexales,351,Seedling
OTU216,-1.001001503,0,0,-1.001001503,0.008,Acidobacteriales,352,Seedling
OTU1885,1.001001503,0,0,1.001001503,0.007,Unassigned,353,Seedling
OTU1256,0,1.001001503,0,1.001001503,0.007,Rhodospirillales,354,Seedling
OTU1138,1.001001503,1.001001503,0,1.001001503,0.007,Clostridiales,355,Seedling
OTU1775,0,1.001001503,0,1.001001503,0.007,SC-I-84,356,Seedling
OTU1134,0,0,0,0,0.007,Aeromonadales,357,Seedling
OTU159,0,1.001001503,0,1.001001503,0.006857143,Flavobacteriales,358,Seedling
OTU234,0,1.001001503,0,1.001001503,0.006857143,Rhizobiales,359,Seedling
OTU742,1.001001503,0,0,1.001001503,0.006857143,Burkholderiales,360,Seedling
OTU1140,1.001001503,0,1.001001503,1.001001503,0.006857143,Xanthomonadales,361,Seedling
OTU806,1.001001503,0,0,1.001001503,0.006857143,Sphingomonadales,362,Seedling
OTU1353,0,1.001001503,0,1.001001503,0.006857143,Frankiales,363,Seedling
OTU1642,1.001001503,0,0,1.001001503,0.006857143,Gemmatimonadales,364,Seedling
OTU1408,1.001001503,0,0,1.001001503,0.006857143,Ignavibacteriales,365,Seedling
OTU1465,1.001001503,0,0,1.001001503,0.006857143,Bacteroidales,366,Seedling
OTU75,0,0,0,0,0.006857143,Caulobacterales,367,Seedling
OTU275,0,0,0,0,0.006857143,Acidobacteriales,368,Seedling
OTU97,0,0,0,0,0.006857143,Bacteroidales,369,Seedling
OTU132,0,0,0,0,0.006857143,Bacteroidales,370,Seedling
OTU204,0,0,0,0,0.006857143,Rhodospirillales,371,Seedling
OTU562,0,0,0,0,0.006857143,Micrococcales,372,Seedling
OTU283,0,0,0,0,0.006857143,Bacteroidales,373,Seedling
OTU237,0,0,0,0,0.006857143,Sphingobacteriales,374,Seedling
OTU292,0,0,0,0,0.006857143,Sphingobacteriales,375,Seedling
OTU301,0,0,0,0,0.006857143,Bacteroidales,376,Seedling
OTU408,0,0,0,0,0.006857143,Clostridiales,377,Seedling
OTU489,0,0,0,0,0.006857143,Bacteroidales,378,Seedling
OTU625,0,0,0,0,0.006857143,Xanthomonadales,379,Seedling
OTU1087,0,0,0,0,0.006857143,Clostridiales,380,Seedling
OTU743,0,0,0,0,0.006857143,Corynebacteriales,381,Seedling
OTU878,0,0,0,0,0.006857143,Solirubrobacterales,382,Seedling
OTU1203,0,0,0,0,0.006857143,Bacillales,383,Seedling
OTU1052,0,0,0,0,0.006857143,Bacteroidales,384,Seedling
OTU1115,0,0,0,0,0.006857143,NKB5,385,Seedling
OTU1271,0,0,0,0,0.006857143,Oligoflexales,386,Seedling
OTU1472,0,0,0,0,0.006857143,Unassigned,387,Seedling
OTU1865,0,0,0,0,0.006857143,Bacteroidales,388,Seedling
OTU1511,0,0,0,0,0.006857143,Desulfovibrionales,389,Seedling
OTU1645,0,0,0,0,0.006857143,Acidobacteriales,390,Seedling
OTU1589,0,0,0,0,0.006857143,Sphingomonadales,391,Seedling
OTU833,-1.001001503,0,0,-1.001001503,0.006857143,Clostridiales,392,Seedling
OTU66,1.001001503,0,0,1.001001503,0.006666667,Desulfovibrionales,393,Seedling
OTU78,1.001001503,1.001001503,0,1.001001503,0.006666667,Acidobacteriales,394,Seedling
OTU376,1.001001503,0,0,1.001001503,0.006666667,Xanthomonadales,395,Seedling
OTU1710,1.001001503,1.001001503,0,1.001001503,0.006666667,Clostridiales,396,Seedling
OTU930,0,0,0,0,0.006666667,Clostridiales,397,Seedling
OTU1646,0,0,0,0,0.006666667,SHBZ1548,398,Seedling
OTU414,1.001001503,0,1.001001503,1.001001503,0.0064,Burkholderiales,399,Seedling
OTU150,0,0,1.001001503,1.001001503,0.006333333,Xanthomonadales,400,Seedling
OTU438,0,0,0,0,0.0062,Sphingobacteriales,401,Seedling
OTU1684,0,0,0,0,0.0062,Clostridiales,402,Seedling
OTU114,1.001001503,0,1.001001503,1.001001503,0.006,Burkholderiales,403,Seedling
OTU1891,1.001001503,0,0,1.001001503,0.006,Clostridiales,404,Seedling
OTU1784,1.001001503,1.001001503,0,1.001001503,0.006,Clostridiales,405,Seedling
OTU1435,1.001001503,0,0,1.001001503,0.006,Spirochaetales,406,Seedling
OTU1597,1.001001503,0,0,1.001001503,0.006,Corynebacteriales,407,Seedling
OTU678,0,0,0,0,0.006,Clostridiales,408,Seedling
OTU608,0,0,0,0,0.006,Subgroup_3,409,Seedling
OTU1084,0,0,0,0,0.006,Bacteroidales,410,Seedling
OTU1257,0,0,0,0,0.006,Acidobacteriales,411,Seedling
OTU469,1.001001503,0,0,1.001001503,0.005714286,Bacteroidales,412,Seedling
OTU1133,1.001001503,0,0,1.001001503,0.005714286,Unassigned,413,Seedling
OTU69,0,0,0,0,0.005714286,Rhodospirillales,414,Seedling
OTU185,0,0,0,0,0.005714286,Bacteroidales,415,Seedling
OTU336,0,0,0,0,0.005714286,Bacteroidales,416,Seedling
OTU532,0,0,0,0,0.005714286,Clostridiales,417,Seedling
OTU419,0,0,0,0,0.005714286,Myxococcales,418,Seedling
OTU756,0,0,0,0,0.005714286,Subgroup_3,419,Seedling
OTU525,0,0,0,0,0.005714286,Rhizobiales,420,Seedling
OTU1120,0,0,0,0,0.005714286,Solirubrobacterales,421,Seedling
OTU890,0,0,0,0,0.005714286,Bacillales,422,Seedling
OTU1212,0,0,0,0,0.005714286,Bacteroidales,423,Seedling
OTU964,0,0,0,0,0.005714286,Sphingobacteriales,424,Seedling
OTU1112,0,0,0,0,0.005714286,Erysipelotrichales,425,Seedling
OTU1496,0,0,0,0,0.005714286,Xanthomonadales,426,Seedling
OTU1377,0,0,0,0,0.005714286,Rhodospirillales,427,Seedling
OTU1197,0,0,0,0,0.005714286,Nitrospirales,428,Seedling
OTU1437,0,0,0,0,0.005714286,Sphingobacteriales,429,Seedling
OTU1794,0,0,0,0,0.005714286,Chromatiales,430,Seedling
OTU94,1.001001503,0,0,1.001001503,0.005333333,Clostridiales,431,Seedling
OTU199,1.001001503,0,0,1.001001503,0.005333333,Clostridiales,432,Seedling
OTU611,1.001001503,0,1.001001503,1.001001503,0.005333333,Rhizobiales,433,Seedling
OTU692,0,1.001001503,0,1.001001503,0.005333333,Subgroup_13,434,Seedling
OTU732,1.001001503,0,0,1.001001503,0.005333333,Clostridiales,435,Seedling
OTU1167,0,1.001001503,0,1.001001503,0.005333333,Cytophagales,436,Seedling
OTU1715,1.001001503,0,0,1.001001503,0.005333333,Rhizobiales,437,Seedling
OTU352,0,0,0,0,0.005333333,Bacteroidales,438,Seedling
OTU141,0,0,0,0,0.005333333,Clostridiales,439,Seedling
OTU556,0,0,0,0,0.005333333,Chromatiales,440,Seedling
OTU411,0,0,0,0,0.005333333,Bacteroidales,441,Seedling
OTU716,0,0,0,0,0.005333333,Corynebacteriales,442,Seedling
OTU822,0,0,0,0,0.005333333,Clostridiales,443,Seedling
OTU686,0,0,0,0,0.005333333,Sphingobacteriales,444,Seedling
OTU1147,0,0,0,0,0.005333333,Bacillales,445,Seedling
OTU723,0,0,0,0,0.005333333,Xanthomonadales,446,Seedling
OTU911,0,0,0,0,0.005333333,Micromonosporales,447,Seedling
OTU1075,0,0,0,0,0.005333333,Acidobacteriales,448,Seedling
OTU1567,0,0,0,0,0.005333333,Clostridiales,449,Seedling
OTU931,0,0,0,0,0.005333333,GR-WP33-30,450,Seedling
OTU1340,0,0,0,0,0.005333333,Clostridiales,451,Seedling
OTU1157,0,0,0,0,0.005333333,Xanthomonadales,452,Seedling
OTU1750,0,0,0,0,0.005333333,Clostridiales,453,Seedling
OTU1338,0,0,0,0,0.005333333,Rhodospirillales,454,Seedling
OTU1869,0,0,0,0,0.005333333,Rhodocyclales,455,Seedling
OTU1392,0,0,0,0,0.005333333,Clostridiales,456,Seedling
OTU1840,0,0,0,0,0.005333333,Clostridiales,457,Seedling
OTU1792,0,0,0,0,0.005333333,Sphingobacteriales,458,Seedling
OTU1418,0,0,0,0,0.005333333,Rhodobacterales,459,Seedling
OTU641,0,-1.001001503,0,-1.001001503,0.005333333,Xanthomonadales,460,Seedling
OTU944,-1.001001503,0,0,-1.001001503,0.005333333,Rhizobiales,461,Seedling
OTU1638,-1.001001503,0,0,-1.001001503,0.005333333,Rhodospirillales,462,Seedling
OTU1540,0,0,0,0,0.005,Rhizobiales,463,Seedling
OTU215,0,-1.001001503,0,-1.001001503,0.005,NKB5,464,Seedling
OTU172,1.001001503,0,0,1.001001503,0.0048,Rhizobiales,465,Seedling
OTU380,1.001001503,0,1.001001503,1.001001503,0.0048,Clostridiales,466,Seedling
OTU736,1.001001503,0,0,1.001001503,0.0048,Enterobacteriales,467,Seedling
OTU573,1.001001503,0,0,1.001001503,0.0048,Clostridiales,468,Seedling
OTU711,1.001001503,0,0,1.001001503,0.0048,Ignavibacteriales,469,Seedling
OTU744,1.001001503,0,1.001001503,1.001001503,0.0048,Rhizobiales,470,Seedling
OTU1537,1.001001503,0,1.001001503,1.001001503,0.0048,Sphingobacteriales,471,Seedling
OTU1633,0,0,1.001001503,1.001001503,0.0048,Clostridiales,472,Seedling
OTU902,0,0,0,0,0.0048,Rhodospirillales,473,Seedling
OTU751,0,0,0,0,0.0048,Rhodospirillales,474,Seedling
OTU656,0,0,0,0,0.0048,Sphingomonadales,475,Seedling
OTU1013,0,0,0,0,0.0048,Streptosporangiales,476,Seedling
OTU936,0,0,0,0,0.0048,Bacillales,477,Seedling
OTU1090,0,0,0,0,0.0048,Xanthomonadales,478,Seedling
OTU1606,0,0,0,0,0.0048,Bacteroidales,479,Seedling
OTU1604,0,0,0,0,0.0048,Fusobacteriales,480,Seedling
OTU1026,0,0,0,0,0.0048,Nitrosomonadales,481,Seedling
OTU1806,0,0,0,0,0.0048,Clostridiales,482,Seedling
OTU1889,0,0,0,0,0.0048,Sphingobacteriales,483,Seedling
OTU1094,0,-1.001001503,0,-1.001001503,0.0048,Rhodospirillales,484,Seedling
OTU1251,1.001001503,0,1.001001503,1.001001503,0.004,Sphingobacteriales,485,Seedling
OTU1707,0,0,1.001001503,1.001001503,0.004,Gaiellales,486,Seedling
OTU76,0,0,0,0,0.004,Clostridiales,487,Seedling
OTU267,0,0,0,0,0.004,Ignavibacteriales,488,Seedling
OTU424,0,0,0,0,0.004,Sphingobacteriales,489,Seedling
OTU330,0,0,0,0,0.004,Micrococcales,490,Seedling
OTU679,0,0,0,0,0.004,Rhodospirillales,491,Seedling
OTU941,0,0,0,0,0.004,Lactobacillales,492,Seedling
OTU887,0,0,0,0,0.004,Rhodospirillales,493,Seedling
OTU1675,0,0,0,0,0.004,Clostridiales,494,Seedling
OTU1145,0,0,0,0,0.004,Unassigned,495,Seedling
OTU1187,0,0,0,0,0.004,Subgroup_13,496,Seedling
OTU115,-1.001001503,0,0,-1.001001503,0.004,Burkholderiales,497,Seedling
OTU1770,0,0,1.001001503,1.001001503,0.003555556,Frankiales,498,Seedling
OTU14,0,1.001001503,0,1.001001503,0.003333333,Sphingomonadales,499,Seedling
OTU166,0,0,1.001001503,1.001001503,0.003333333,Bacteroidales,500,Seedling
OTU638,0,0,1.001001503,1.001001503,0.003333333,Rhodospirillales,501,Seedling
OTU646,0,1.001001503,1.001001503,1.001001503,0.003333333,Clostridiales,502,Seedling
OTU1517,0,0,1.001001503,1.001001503,0.003333333,Bacteroidales,503,Seedling
OTU180,0,0,0,0,0.003333333,Clostridiales,504,Seedling
OTU167,0,0,0,0,0.003333333,Bacteroidales,505,Seedling
OTU401,0,0,0,0,0.003333333,Rhizobiales,506,Seedling
OTU858,0,0,0,0,0.003333333,Enterobacteriales,507,Seedling
OTU456,0,0,0,0,0.003333333,Bacteroidales,508,Seedling
OTU498,0,0,0,0,0.003333333,Spirochaetales,509,Seedling
OTU1242,0,0,0,0,0.003333333,Clostridiales,510,Seedling
OTU714,0,0,0,0,0.003333333,Clostridiales,511,Seedling
OTU1474,0,0,0,0,0.003333333,Rhodospirillales,512,Seedling
OTU1495,0,0,0,0,0.003333333,Xanthomonadales,513,Seedling
OTU1513,0,0,0,0,0.003333333,Bacteroidales,514,Seedling
OTU965,0,0,0,0,0.003333333,Bacteroidales,515,Seedling
OTU1343,0,0,0,0,0.003333333,Spirochaetales,516,Seedling
OTU1738,0,0,0,0,0.003333333,Acidimicrobiales,517,Seedling
OTU1509,0,0,0,0,0.003333333,Bacteroidales,518,Seedling
OTU1596,0,0,0,0,0.003333333,Ignavibacteriales,519,Seedling
OTU332,0,1.001001503,0,1.001001503,0.0032,Rhodocyclales,520,Seedling
OTU677,1.001001503,0,0,1.001001503,0.0032,Rhodocyclales,521,Seedling
OTU852,1.001001503,0,0,1.001001503,0.0032,Sphingobacteriales,522,Seedling
OTU934,1.001001503,0,1.001001503,1.001001503,0.0032,Myxococcales,523,Seedling
OTU1584,0,0,1.001001503,1.001001503,0.0032,Oligoflexales,524,Seedling
OTU1874,1.001001503,0,1.001001503,1.001001503,0.0032,Rhodospirillales,525,Seedling
OTU16,0,0,0,0,0.0032,Rhizobiales,526,Seedling
OTU82,0,0,0,0,0.0032,Rhizobiales,527,Seedling
OTU58,0,0,0,0,0.0032,Methylophilales,528,Seedling
OTU307,0,0,0,0,0.0032,Burkholderiales,529,Seedling
OTU619,0,0,0,0,0.0032,Rhodospirillales,530,Seedling
OTU387,0,0,0,0,0.0032,Burkholderiales,531,Seedling
OTU804,0,0,0,0,0.0032,Burkholderiales,532,Seedling
OTU989,0,0,0,0,0.0032,Neisseriales,533,Seedling
OTU1125,0,0,0,0,0.0032,Clostridiales,534,Seedling
OTU1795,0,0,0,0,0.0032,Rhodocyclales,535,Seedling
OTU1587,0,0,0,0,0.0032,Sphingobacteriales,536,Seedling
OTU1673,0,-1.001001503,0,-1.001001503,0.0032,Clostridiales,537,Seedling
OTU430,1.001001503,0,1.001001503,1.001001503,0.003,Burkholderiales,538,Seedling
OTU922,0,0,1.001001503,1.001001503,0.003,Unassigned,539,Seedling
OTU1136,1.001001503,0,0,1.001001503,0.003,Cytophagales,540,Seedling
OTU1826,0,0,0,0,0.003,Acidobacteriales,541,Seedling
OTU200,0,0,0,0,0.003,Propionibacteriales,542,Seedling
OTU561,0,0,0,0,0.003,Micrococcales,543,Seedling
OTU783,0,0,0,0,0.003,Bacillales,544,Seedling
OTU730,0,0,0,0,0.003,Xanthomonadales,545,Seedling
OTU832,0,0,0,0,0.003,Oligoflexales,546,Seedling
OTU1214,0,0,0,0,0.003,Clostridiales,547,Seedling
OTU1445,0,0,0,0,0.003,Unassigned,548,Seedling
OTU1181,0,0,0,0,0.003,Clostridiales,549,Seedling
OTU1594,0,0,0,0,0.003,Spirochaetales,550,Seedling
OTU1038,0,0,0,0,0.003,Subgroup_3,551,Seedling
OTU1272,0,0,0,0,0.003,Cytophagales,552,Seedling
OTU1476,0,0,0,0,0.003,Syntrophobacterales,553,Seedling
OTU1583,0,0,0,0,0.003,Catenulisporales,554,Seedling
OTU1714,0,0,0,0,0.003,Clostridiales,555,Seedling
OTU128,1.001001503,0,0,1.001001503,0.002666667,Xanthomonadales,556,Seedling
OTU564,1.001001503,0,0,1.001001503,0.002666667,Rhizobiales,557,Seedling
OTU660,1.001001503,0,0,1.001001503,0.002666667,Rhizobiales,558,Seedling
OTU1089,1.001001503,0,0,1.001001503,0.002666667,Rhodospirillales,559,Seedling
OTU290,0,0,0,0,0.002666667,Rhodospirillales,560,Seedling
OTU350,0,0,0,0,0.002666667,Desulfovibrionales,561,Seedling
OTU1117,0,0,0,0,0.002666667,Frankiales,562,Seedling
OTU1681,0,0,0,0,0.002666667,Clostridiales,563,Seedling
OTU259,0,1.001001503,1.001001503,1.001001503,0.002,Aeromonadales,564,Seedling
OTU818,0,0,0,0,0.002,Burkholderiales,565,Seedling
OTU4,0,0,0,0,0,Bacteroidales,566,Seedling
OTU3,0,0,0,0,0,Burkholderiales,567,Seedling
OTU1,0,0,0,0,0,Burkholderiales,568,Seedling
OTU8,0,0,0,0,0,Bacteroidales,569,Seedling
OTU19,0,0,0,0,0,Clostridiales,570,Seedling
OTU15,0,0,0,0,0,Burkholderiales,571,Seedling
OTU13,0,0,0,0,0,Acidobacteriales,572,Seedling
OTU54,0,0,0,0,0,Clostridiales,573,Seedling
OTU20,0,0,0,0,0,Sphingobacteriales,574,Seedling
OTU25,0,0,0,0,0,Burkholderiales,575,Seedling
OTU33,0,0,0,0,0,Clostridiales,576,Seedling
OTU1515,0,0,0,0,0,Enterobacteriales,577,Seedling
OTU27,0,0,0,0,0,Bacteroidales,578,Seedling
OTU28,0,0,0,0,0,Bacteroidales,579,Seedling
OTU36,0,0,0,0,0,Bacteroidales,580,Seedling
OTU45,0,0,0,0,0,Desulfovibrionales,581,Seedling
OTU40,0,0,0,0,0,Vibrionales,582,Seedling
OTU38,0,0,0,0,0,SC-I-84,583,Seedling
OTU55,0,0,0,0,0,Rhizobiales,584,Seedling
OTU41,0,0,0,0,0,Bacillales,585,Seedling
OTU80,0,0,0,0,0,Bacteroidales,586,Seedling
OTU52,0,0,0,0,0,Lactobacillales,587,Seedling
OTU30,0,0,0,0,0,Subgroup_3,588,Seedling
OTU73,0,0,0,0,0,Clostridiales,589,Seedling
OTU106,0,0,0,0,0,Bacteroidales,590,Seedling
OTU43,0,0,0,0,0,Campylobacterales,591,Seedling
OTU42,0,0,0,0,0,Sphingomonadales,592,Seedling
OTU72,0,0,0,0,0,Clostridiales,593,Seedling
OTU104,0,0,0,0,0,Erysipelotrichales,594,Seedling
OTU131,0,0,0,0,0,Rhizobiales,595,Seedling
OTU67,0,0,0,0,0,Burkholderiales,596,Seedling
OTU70,0,0,0,0,0,Bacillales,597,Seedling
OTU89,0,0,0,0,0,Bacteroidales,598,Seedling
OTU51,0,0,0,0,0,Bacteroidales,599,Seedling
OTU134,0,0,0,0,0,Xanthomonadales,600,Seedling
OTU119,0,0,0,0,0,Bacteroidales,601,Seedling
OTU120,0,0,0,0,0,Desulfuromonadales,602,Seedling
OTU501,0,0,0,0,0,Rhizobiales,603,Seedling
OTU59,0,0,0,0,0,Bacteroidales,604,Seedling
OTU116,0,0,0,0,0,Burkholderiales,605,Seedling
OTU63,0,0,0,0,0,Bacteroidales,606,Seedling
OTU118,0,0,0,0,0,Bacteroidales,607,Seedling
OTU1469,0,0,0,0,0,Acidobacteriales,608,Seedling
OTU65,0,0,0,0,0,Rhodospirillales,609,Seedling
OTU153,0,0,0,0,0,Rhizobiales,610,Seedling
OTU61,0,0,0,0,0,Clostridiales,611,Seedling
OTU136,0,0,0,0,0,Micromonosporales,612,Seedling
OTU85,0,0,0,0,0,Gaiellales,613,Seedling
OTU71,0,0,0,0,0,Clostridiales,614,Seedling
OTU143,0,0,0,0,0,Bacteroidales,615,Seedling
OTU125,0,0,0,0,0,Sphingobacteriales,616,Seedling
OTU211,0,0,0,0,0,Xanthomonadales,617,Seedling
OTU155,0,0,0,0,0,Clostridiales,618,Seedling
OTU111,0,0,0,0,0,Caulobacterales,619,Seedling
OTU127,0,0,0,0,0,Xanthomonadales,620,Seedling
OTU398,0,0,0,0,0,Bacteroidales,621,Seedling
OTU110,0,0,0,0,0,Micrococcales,622,Seedling
OTU243,0,0,0,0,0,Burkholderiales,623,Seedling
OTU209,0,0,0,0,0,Clostridiales,624,Seedling
OTU269,0,0,0,0,0,Rhizobiales,625,Seedling
OTU135,0,0,0,0,0,Bacteroidales,626,Seedling
OTU107,0,0,0,0,0,Rhizobiales,627,Seedling
OTU96,0,0,0,0,0,Streptomycetales,628,Seedling
OTU124,0,0,0,0,0,Ignavibacteriales,629,Seedling
OTU190,0,0,0,0,0,Bacteroidales,630,Seedling
OTU175,0,0,0,0,0,Holophagales,631,Seedling
OTU92,0,0,0,0,0,Rhodocyclales,632,Seedling
OTU108,0,0,0,0,0,Chromatiales,633,Seedling
OTU144,0,0,0,0,0,Rhodospirillales,634,Seedling
OTU181,0,0,0,0,0,Bacteroidales,635,Seedling
OTU101,0,0,0,0,0,Clostridiales,636,Seedling
OTU630,0,0,0,0,0,Xanthomonadales,637,Seedling
OTU93,0,0,0,0,0,Solirubrobacterales,638,Seedling
OTU142,0,0,0,0,0,Bacteroidales,639,Seedling
OTU148,0,0,0,0,0,Lactobacillales,640,Seedling
OTU331,0,0,0,0,0,Clostridiales,641,Seedling
OTU122,0,0,0,0,0,Clostridiales,642,Seedling
OTU157,0,0,0,0,0,Flavobacteriales,643,Seedling
OTU126,0,0,0,0,0,Clostridiales,644,Seedling
OTU121,0,0,0,0,0,Campylobacterales,645,Seedling
OTU191,0,0,0,0,0,Rhodospirillales,646,Seedling
OTU297,0,0,0,0,0,Frankiales,647,Seedling
OTU223,0,0,0,0,0,Bacillales,648,Seedling
OTU177,0,0,0,0,0,Bacteroidales,649,Seedling
OTU271,0,0,0,0,0,Erysipelotrichales,650,Seedling
OTU138,0,0,0,0,0,Sphingobacteriales,651,Seedling
OTU140,0,0,0,0,0,Rhodocyclales,652,Seedling
OTU133,0,0,0,0,0,Bacteroidales,653,Seedling
OTU178,0,0,0,0,0,Sphingomonadales,654,Seedling
OTU169,0,0,0,0,0,Clostridiales,655,Seedling
OTU236,0,0,0,0,0,Bacteroidales,656,Seedling
OTU232,0,0,0,0,0,Clostridiales,657,Seedling
OTU226,0,0,0,0,0,Acidobacteriales,658,Seedling
OTU605,0,0,0,0,0,Rhizobiales,659,Seedling
OTU176,0,0,0,0,0,Burkholderiales,660,Seedling
OTU162,0,0,0,0,0,Bacteroidales,661,Seedling
OTU252,0,0,0,0,0,Clostridiales,662,Seedling
OTU158,0,0,0,0,0,Propionibacteriales,663,Seedling
OTU183,0,0,0,0,0,Rhodospirillales,664,Seedling
OTU149,0,0,0,0,0,Clostridiales,665,Seedling
OTU257,0,0,0,0,0,Bacteroidales,666,Seedling
OTU284,0,0,0,0,0,Campylobacterales,667,Seedling
OTU512,0,0,0,0,0,Pseudomonadales,668,Seedling
OTU229,0,0,0,0,0,Rhizobiales,669,Seedling
OTU245,0,0,0,0,0,Syntrophobacterales,670,Seedling
OTU187,0,0,0,0,0,Bacteroidales,671,Seedling
OTU254,0,0,0,0,0,Bacteroidales,672,Seedling
OTU160,0,0,0,0,0,Rhizobiales,673,Seedling
OTU182,0,0,0,0,0,Bacteroidales,674,Seedling
OTU221,0,0,0,0,0,Bacteroidales,675,Seedling
OTU205,0,0,0,0,0,Xanthomonadales,676,Seedling
OTU422,0,0,0,0,0,Desulfuromonadales,677,Seedling
OTU203,0,0,0,0,0,Clostridiales,678,Seedling
OTU251,0,0,0,0,0,Coriobacteriales,679,Seedling
OTU250,0,0,0,0,0,Corynebacteriales,680,Seedling
OTU258,0,0,0,0,0,Clostridiales,681,Seedling
OTU210,0,0,0,0,0,Bacteroidales,682,Seedling
OTU171,0,0,0,0,0,Clostridiales,683,Seedling
OTU222,0,0,0,0,0,Clostridiales,684,Seedling
OTU218,0,0,0,0,0,Rhizobiales,685,Seedling
OTU249,0,0,0,0,0,Burkholderiales,686,Seedling
OTU214,0,0,0,0,0,Pseudomonadales,687,Seedling
OTU468,0,0,0,0,0,Clostridiales,688,Seedling
OTU194,0,0,0,0,0,Bacteroidales,689,Seedling
OTU198,0,0,0,0,0,Bacteroidales,690,Seedling
OTU235,0,0,0,0,0,Bacteroidales,691,Seedling
OTU207,0,0,0,0,0,Clostridiales,692,Seedling
OTU298,0,0,0,0,0,Rhodospirillales,693,Seedling
OTU410,0,0,0,0,0,Burkholderiales,694,Seedling
OTU247,0,0,0,0,0,Bacteroidales,695,Seedling
OTU230,0,0,0,0,0,Clostridiales,696,Seedling
OTU219,0,0,0,0,0,Pseudomonadales,697,Seedling
OTU239,0,0,0,0,0,Micrococcales,698,Seedling
OTU717,0,0,0,0,0,Burkholderiales,699,Seedling
OTU581,0,0,0,0,0,Sphingomonadales,700,Seedling
OTU246,0,0,0,0,0,Bacteroidales,701,Seedling
OTU224,0,0,0,0,0,Clostridiales,702,Seedling
OTU373,0,0,0,0,0,Frankiales,703,Seedling
OTU286,0,0,0,0,0,Bacteroidales,704,Seedling
OTU569,0,0,0,0,0,Bacteroidales,705,Seedling
OTU217,0,0,0,0,0,Clostridiales,706,Seedling
OTU270,0,0,0,0,0,Burkholderiales,707,Seedling
OTU457,0,0,0,0,0,Bacteroidales,708,Seedling
OTU273,0,0,0,0,0,Vibrionales,709,Seedling
OTU289,0,0,0,0,0,Caulobacterales,710,Seedling
OTU344,0,0,0,0,0,Clostridiales,711,Seedling
OTU264,0,0,0,0,0,Micromonosporales,712,Seedling
OTU312,0,0,0,0,0,Clostridiales,713,Seedling
OTU467,0,0,0,0,0,Rhodospirillales,714,Seedling
OTU306,0,0,0,0,0,Thiotrichales,715,Seedling
OTU304,0,0,0,0,0,Bacillales,716,Seedling
OTU402,0,0,0,0,0,Desulfuromonadales,717,Seedling
OTU324,0,0,0,0,0,Bacteroidales,718,Seedling
OTU642,0,0,0,0,0,Clostridiales,719,Seedling
OTU300,0,0,0,0,0,Anaeroplasmatales,720,Seedling
OTU360,0,0,0,0,0,Bacteroidales,721,Seedling
OTU278,0,0,0,0,0,Erysipelotrichales,722,Seedling
OTU745,0,0,0,0,0,Clostridiales,723,Seedling
OTU291,0,0,0,0,0,Acidobacteriales,724,Seedling
OTU303,0,0,0,0,0,Bacteroidales,725,Seedling
OTU244,0,0,0,0,0,Bacteroidales,726,Seedling
OTU386,0,0,0,0,0,Bacteroidales,727,Seedling
OTU277,0,0,0,0,0,Subgroup_2,728,Seedling
OTU348,0,0,0,0,0,Sphingomonadales,729,Seedling
OTU318,0,0,0,0,0,Caulobacterales,730,Seedling
OTU395,0,0,0,0,0,Xanthomonadales,731,Seedling
OTU299,0,0,0,0,0,Sphingobacteriales,732,Seedling
OTU325,0,0,0,0,0,Clostridiales,733,Seedling
OTU1399,0,0,0,0,0,Streptomycetales,734,Seedling
OTU436,0,0,0,0,0,Bacillales,735,Seedling
OTU320,0,0,0,0,0,Lactobacillales,736,Seedling
OTU431,0,0,0,0,0,Rhodospirillales,737,Seedling
OTU514,0,0,0,0,0,Sphingobacteriales,738,Seedling
OTU308,0,0,0,0,0,Burkholderiales,739,Seedling
OTU316,0,0,0,0,0,Rhodocyclales,740,Seedling
OTU451,0,0,0,0,0,Clostridiales,741,Seedling
OTU328,0,0,0,0,0,Gemmatimonadales,742,Seedling
OTU351,0,0,0,0,0,Sphingobacteriales,743,Seedling
OTU337,0,0,0,0,0,Clostridiales,744,Seedling
OTU391,0,0,0,0,0,Sphingobacteriales,745,Seedling
OTU357,0,0,0,0,0,Clostridiales,746,Seedling
OTU493,0,0,0,0,0,Bacteroidales,747,Seedling
OTU366,0,0,0,0,0,Acidobacteriales,748,Seedling
OTU383,0,0,0,0,0,Bacillales,749,Seedling
OTU309,0,0,0,0,0,Flavobacteriales,750,Seedling
OTU622,0,0,0,0,0,Rhizobiales,751,Seedling
OTU845,0,0,0,0,0,Clostridiales,752,Seedling
OTU353,0,0,0,0,0,Bacteroidales,753,Seedling
OTU416,0,0,0,0,0,Clostridiales,754,Seedling
OTU341,0,0,0,0,0,Xanthomonadales,755,Seedling
OTU439,0,0,0,0,0,Bacteroidales,756,Seedling
OTU502,0,0,0,0,0,Clostridiales,757,Seedling
OTU437,0,0,0,0,0,Caulobacterales,758,Seedling
OTU333,0,0,0,0,0,Sphingobacteriales,759,Seedling
OTU326,0,0,0,0,0,Rhodospirillales,760,Seedling
OTU483,0,0,0,0,0,Clostridiales,761,Seedling
OTU460,0,0,0,0,0,Clostridiales,762,Seedling
OTU441,0,0,0,0,0,Bacteroidales,763,Seedling
OTU508,0,0,0,0,0,Fibrobacterales,764,Seedling
OTU371,0,0,0,0,0,Bacteroidales,765,Seedling
OTU349,0,0,0,0,0,OCS116_clade,766,Seedling
OTU399,0,0,0,0,0,Clostridiales,767,Seedling
OTU338,0,0,0,0,0,Corynebacteriales,768,Seedling
OTU375,0,0,0,0,0,Bacteroidales,769,Seedling
OTU621,0,0,0,0,0,Desulfuromonadales,770,Seedling
OTU440,0,0,0,0,0,Bacteroidales,771,Seedling
OTU413,0,0,0,0,0,Xanthomonadales,772,Seedling
OTU612,0,0,0,0,0,Rhodospirillales,773,Seedling
OTU381,0,0,0,0,0,Clostridiales,774,Seedling
OTU452,0,0,0,0,0,Desulfovibrionales,775,Seedling
OTU546,0,0,0,0,0,Frankiales,776,Seedling
OTU346,0,0,0,0,0,Clostridiales,777,Seedling
OTU543,0,0,0,0,0,Clostridiales,778,Seedling
OTU403,0,0,0,0,0,Desulfovibrionales,779,Seedling
OTU369,0,0,0,0,0,Corynebacteriales,780,Seedling
OTU761,0,0,0,0,0,Rhizobiales,781,Seedling
OTU614,0,0,0,0,0,Clostridiales,782,Seedling
OTU362,0,0,0,0,0,Clostridiales,783,Seedling
OTU1781,0,0,0,0,0,Syntrophobacterales,784,Seedling
OTU841,0,0,0,0,0,Bacteroidales,785,Seedling
OTU364,0,0,0,0,0,Flavobacteriales,786,Seedling
OTU339,0,0,0,0,0,Clostridiales,787,Seedling
OTU394,0,0,0,0,0,Clostridiales,788,Seedling
OTU407,0,0,0,0,0,Desulfovibrionales,789,Seedling
OTU484,0,0,0,0,0,Lactobacillales,790,Seedling
OTU405,0,0,0,0,0,Sphingobacteriales,791,Seedling
OTU675,0,0,0,0,0,Lactobacillales,792,Seedling
OTU418,0,0,0,0,0,Erysipelotrichales,793,Seedling
OTU409,0,0,0,0,0,Bacteroidales,794,Seedling
OTU481,0,0,0,0,0,Bacteroidales,795,Seedling
OTU445,0,0,0,0,0,Bacteroidales,796,Seedling
OTU465,0,0,0,0,0,Bacteroidales,797,Seedling
OTU555,0,0,0,0,0,Rhodospirillales,798,Seedling
OTU840,0,0,0,0,0,Rhodocyclales,799,Seedling
OTU397,0,0,0,0,0,Unassigned,800,Seedling
OTU382,0,0,0,0,0,Coriobacteriales,801,Seedling
OTU624,0,0,0,0,0,Unassigned,802,Seedling
OTU506,0,0,0,0,0,Propionibacteriales,803,Seedling
OTU390,0,0,0,0,0,Clostridiales,804,Seedling
OTU427,0,0,0,0,0,Unassigned,805,Seedling
OTU477,0,0,0,0,0,Clostridiales,806,Seedling
OTU665,0,0,0,0,0,Rhizobiales,807,Seedling
OTU421,0,0,0,0,0,Clostridiales,808,Seedling
OTU603,0,0,0,0,0,Clostridiales,809,Seedling
OTU420,0,0,0,0,0,Coriobacteriales,810,Seedling
OTU461,0,0,0,0,0,Sphingobacteriales,811,Seedling
OTU488,0,0,0,0,0,Clostridiales,812,Seedling
OTU587,0,0,0,0,0,Clostridiales,813,Seedling
OTU535,0,0,0,0,0,Clostridiales,814,Seedling
OTU423,0,0,0,0,0,Clostridiales,815,Seedling
OTU760,0,0,0,0,0,Corynebacteriales,816,Seedling
OTU541,0,0,0,0,0,Rhodospirillales,817,Seedling
OTU606,0,0,0,0,0,Lactobacillales,818,Seedling
OTU462,0,0,0,0,0,Clostridiales,819,Seedling
OTU492,0,0,0,0,0,Bacteroidales,820,Seedling
OTU915,0,0,0,0,0,Rhodospirillales,821,Seedling
OTU449,0,0,0,0,0,Clostridiales,822,Seedling
OTU458,0,0,0,0,0,Rhizobiales,823,Seedling
OTU479,0,0,0,0,0,Bacteroidales,824,Seedling
OTU516,0,0,0,0,0,Clostridiales,825,Seedling
OTU602,0,0,0,0,0,Clostridiales,826,Seedling
OTU755,0,0,0,0,0,Bacteroidales,827,Seedling
OTU594,0,0,0,0,0,Rhizobiales,828,Seedling
OTU442,0,0,0,0,0,Clostridiales,829,Seedling
OTU1276,0,0,0,0,0,Clostridiales,830,Seedling
OTU615,0,0,0,0,0,Clostridiales,831,Seedling
OTU443,0,0,0,0,0,Rhodospirillales,832,Seedling
OTU821,0,0,0,0,0,Clostridiales,833,Seedling
OTU1218,0,0,0,0,0,Clostridiales,834,Seedling
OTU613,0,0,0,0,0,Clostridiales,835,Seedling
OTU526,0,0,0,0,0,Clostridiales,836,Seedling
OTU846,0,0,0,0,0,Propionibacteriales,837,Seedling
OTU444,0,0,0,0,0,Clostridiales,838,Seedling
OTU482,0,0,0,0,0,Bacteroidales,839,Seedling
OTU662,0,0,0,0,0,Bacteroidales,840,Seedling
OTU486,0,0,0,0,0,Clostridiales,841,Seedling
OTU629,0,0,0,0,0,Clostridiales,842,Seedling
OTU521,0,0,0,0,0,Burkholderiales,843,Seedling
OTU560,0,0,0,0,0,Rhodospirillales,844,Seedling
OTU1351,0,0,0,0,0,Rhodospirillales,845,Seedling
OTU406,0,0,0,0,0,Clostridiales,846,Seedling
OTU472,0,0,0,0,0,Pseudomonadales,847,Seedling
OTU549,0,0,0,0,0,Sphingobacteriales,848,Seedling
OTU524,0,0,0,0,0,Chromatiales,849,Seedling
OTU466,0,0,0,0,0,Clostridiales,850,Seedling
OTU790,0,0,0,0,0,Flavobacteriales,851,Seedling
OTU490,0,0,0,0,0,Sphingobacteriales,852,Seedling
OTU828,0,0,0,0,0,Flavobacteriales,853,Seedling
OTU463,0,0,0,0,0,Rhodospirillales,854,Seedling
OTU520,0,0,0,0,0,Clostridiales,855,Seedling
OTU487,0,0,0,0,0,Lactobacillales,856,Seedling
OTU591,0,0,0,0,0,Bacteroidales,857,Seedling
OTU519,0,0,0,0,0,Xanthomonadales,858,Seedling
OTU634,0,0,0,0,0,Clostridiales,859,Seedling
OTU534,0,0,0,0,0,Unassigned,860,Seedling
OTU553,0,0,0,0,0,Clostridiales,861,Seedling
OTU647,0,0,0,0,0,Clostridiales,862,Seedling
OTU650,0,0,0,0,0,Clostridiales,863,Seedling
OTU474,0,0,0,0,0,Burkholderiales,864,Seedling
OTU470,0,0,0,0,0,Bacteroidales,865,Seedling
OTU471,0,0,0,0,0,Cytophagales,866,Seedling
OTU448,0,0,0,0,0,Clostridiales,867,Seedling
OTU604,0,0,0,0,0,Caulobacterales,868,Seedling
OTU637,0,0,0,0,0,Clostridiales,869,Seedling
OTU583,0,0,0,0,0,Frankiales,870,Seedling
OTU1169,0,0,0,0,0,Rhizobiales,871,Seedling
OTU522,0,0,0,0,0,Sphingobacteriales,872,Seedling
OTU518,0,0,0,0,0,Bifidobacteriales,873,Seedling
OTU718,0,0,0,0,0,Bacteroidales,874,Seedling
OTU687,0,0,0,0,0,Desulfuromonadales,875,Seedling
OTU509,0,0,0,0,0,Erysipelotrichales,876,Seedling
OTU537,0,0,0,0,0,Bacteroidales,877,Seedling
OTU620,0,0,0,0,0,Bacteroidales,878,Seedling
OTU894,0,0,0,0,0,Frankiales,879,Seedling
OTU735,0,0,0,0,0,Bacteroidales,880,Seedling
OTU860,0,0,0,0,0,Clostridiales,881,Seedling
OTU814,0,0,0,0,0,Acidimicrobiales,882,Seedling
OTU645,0,0,0,0,0,Acidimicrobiales,883,Seedling
OTU725,0,0,0,0,0,Clostridiales,884,Seedling
OTU784,0,0,0,0,0,Propionibacteriales,885,Seedling
OTU1283,0,0,0,0,0,Clostridiales,886,Seedling
OTU473,0,0,0,0,0,Sphingobacteriales,887,Seedling
OTU510,0,0,0,0,0,Frankiales,888,Seedling
OTU661,0,0,0,0,0,Clostridiales,889,Seedling
OTU1068,0,0,0,0,0,Acidobacteriales,890,Seedling
OTU626,0,0,0,0,0,Bacteroidales,891,Seedling
OTU491,0,0,0,0,0,Bacteroidales,892,Seedling
OTU496,0,0,0,0,0,Oceanospirillales,893,Seedling
OTU610,0,0,0,0,0,Clostridiales,894,Seedling
OTU539,0,0,0,0,0,Flavobacteriales,895,Seedling
OTU589,0,0,0,0,0,Clostridiales,896,Seedling
OTU837,0,0,0,0,0,Clostridiales,897,Seedling
OTU550,0,0,0,0,0,Bacteroidales,898,Seedling
OTU632,0,0,0,0,0,Clostridiales,899,Seedling
OTU586,0,0,0,0,0,Nitrosomonadales,900,Seedling
OTU544,0,0,0,0,0,Micromonosporales,901,Seedling
OTU596,0,0,0,0,0,Pseudomonadales,902,Seedling
OTU640,0,0,0,0,0,Clostridiales,903,Seedling
OTU1114,0,0,0,0,0,Sphingomonadales,904,Seedling
OTU765,0,0,0,0,0,Thermoanaerobacterales,905,Seedling
OTU627,0,0,0,0,0,Erysipelotrichales,906,Seedling
OTU701,0,0,0,0,0,Methylophilales,907,Seedling
OTU595,0,0,0,0,0,Clostridiales,908,Seedling
OTU567,0,0,0,0,0,Subgroup_3,909,Seedling
OTU871,0,0,0,0,0,Bacteroidales,910,Seedling
OTU584,0,0,0,0,0,Bacillales,911,Seedling
OTU682,0,0,0,0,0,Clostridiales,912,Seedling
OTU1078,0,0,0,0,0,Clostridiales,913,Seedling
OTU834,0,0,0,0,0,Sphingobacteriales,914,Seedling
OTU657,0,0,0,0,0,Lactobacillales,915,Seedling
OTU688,0,0,0,0,0,Coriobacteriales,916,Seedling
OTU559,0,0,0,0,0,Acidobacteriales,917,Seedling
OTU655,0,0,0,0,0,Clostridiales,918,Seedling
OTU1110,0,0,0,0,0,Clostridiales,919,Seedling
OTU720,0,0,0,0,0,Clostridiales,920,Seedling
OTU715,0,0,0,0,0,Clostridiales,921,Seedling
OTU863,0,0,0,0,0,Sphingobacteriales,922,Seedling
OTU1520,0,0,0,0,0,Clostridiales,923,Seedling
OTU568,0,0,0,0,0,Erysipelotrichales,924,Seedling
OTU727,0,0,0,0,0,Clostridiales,925,Seedling
OTU957,0,0,0,0,0,Clostridiales,926,Seedling
OTU1006,0,0,0,0,0,Clostridiales,927,Seedling
OTU669,0,0,0,0,0,Erysipelotrichales,928,Seedling
OTU868,0,0,0,0,0,Sphingobacteriales,929,Seedling
OTU1467,0,0,0,0,0,Bacillales,930,Seedling
OTU574,0,0,0,0,0,Chlorobiales,931,Seedling
OTU609,0,0,0,0,0,Clostridiales,932,Seedling
OTU664,0,0,0,0,0,Holophagales,933,Seedling
OTU538,0,0,0,0,0,Micrococcales,934,Seedling
OTU778,0,0,0,0,0,Bacteroidales,935,Seedling
OTU588,0,0,0,0,0,Clostridiales,936,Seedling
OTU1001,0,0,0,0,0,Clostridiales,937,Seedling
OTU667,0,0,0,0,0,Clostridiales,938,Seedling
OTU988,0,0,0,0,0,Rhizobiales,939,Seedling
OTU636,0,0,0,0,0,Bacteroidales,940,Seedling
OTU953,0,0,0,0,0,Acidimicrobiales,941,Seedling
OTU802,0,0,0,0,0,Acidobacteriales,942,Seedling
OTU908,0,0,0,0,0,Bacteroidales,943,Seedling
OTU597,0,0,0,0,0,Acidobacteriales,944,Seedling
OTU1057,0,0,0,0,0,Bacteroidales,945,Seedling
OTU850,0,0,0,0,0,Deferribacterales,946,Seedling
OTU774,0,0,0,0,0,Clostridiales,947,Seedling
OTU616,0,0,0,0,0,Rhodospirillales,948,Seedling
OTU1037,0,0,0,0,0,Clostridiales,949,Seedling
OTU681,0,0,0,0,0,Clostridiales,950,Seedling
OTU600,0,0,0,0,0,Clostridiales,951,Seedling
OTU919,0,0,0,0,0,Bacteroidales,952,Seedling
OTU654,0,0,0,0,0,Erysipelotrichales,953,Seedling
OTU775,0,0,0,0,0,Clostridiales,954,Seedling
OTU867,0,0,0,0,0,Sphingobacteriales,955,Seedling
OTU639,0,0,0,0,0,Xanthomonadales,956,Seedling
OTU680,0,0,0,0,0,Clostridiales,957,Seedling
OTU721,0,0,0,0,0,Ignavibacteriales,958,Seedling
OTU1178,0,0,0,0,0,Bacteroidales,959,Seedling
OTU628,0,0,0,0,0,Burkholderiales,960,Seedling
OTU684,0,0,0,0,0,Clostridiales,961,Seedling
OTU1004,0,0,0,0,0,Bacteroidales,962,Seedling
OTU781,0,0,0,0,0,Clostridiales,963,Seedling
OTU1274,0,0,0,0,0,Clostridiales,964,Seedling
OTU1022,0,0,0,0,0,Acidobacteriales,965,Seedling
OTU724,0,0,0,0,0,Clostridiales,966,Seedling
OTU713,0,0,0,0,0,Caulobacterales,967,Seedling
OTU709,0,0,0,0,0,Clostridiales,968,Seedling
OTU904,0,0,0,0,0,Corynebacteriales,969,Seedling
OTU1010,0,0,0,0,0,Myxococcales,970,Seedling
OTU1015,0,0,0,0,0,Oligoflexales,971,Seedling
OTU670,0,0,0,0,0,Erysipelotrichales,972,Seedling
OTU649,0,0,0,0,0,Bacteroidales,973,Seedling
OTU770,0,0,0,0,0,Clostridiales,974,Seedling
OTU873,0,0,0,0,0,Oligoflexales,975,Seedling
OTU764,0,0,0,0,0,Burkholderiales,976,Seedling
OTU777,0,0,0,0,0,Bacteroidales,977,Seedling
OTU910,0,0,0,0,0,Mollicutes_RF9,978,Seedling
OTU786,0,0,0,0,0,Clostridiales,979,Seedling
OTU1421,0,0,0,0,0,Myxococcales,980,Seedling
OTU726,0,0,0,0,0,Erysipelotrichales,981,Seedling
OTU753,0,0,0,0,0,Burkholderiales,982,Seedling
OTU1108,0,0,0,0,0,Rhodospirillales,983,Seedling
OTU891,0,0,0,0,0,Clostridiales,984,Seedling
OTU693,0,0,0,0,0,Sphingobacteriales,985,Seedling
OTU839,0,0,0,0,0,Clostridiales,986,Seedling
OTU949,0,0,0,0,0,Burkholderiales,987,Seedling
OTU872,0,0,0,0,0,Rhodospirillales,988,Seedling
OTU952,0,0,0,0,0,TRA3-20,989,Seedling
OTU1186,0,0,0,0,0,Micrococcales,990,Seedling
OTU826,0,0,0,0,0,Pseudomonadales,991,Seedling
OTU658,0,0,0,0,0,Clostridiales,992,Seedling
OTU689,0,0,0,0,0,Desulfobacterales,993,Seedling
OTU746,0,0,0,0,0,Erysipelotrichales,994,Seedling
OTU1044,0,0,0,0,0,Burkholderiales,995,Seedling
OTU1378,0,0,0,0,0,Sphingobacteriales,996,Seedling
OTU970,0,0,0,0,0,Clostridiales,997,Seedling
OTU733,0,0,0,0,0,Unassigned,998,Seedling
OTU1267,0,0,0,0,0,Neisseriales,999,Seedling
OTU1452,0,0,0,0,0,Pseudomonadales,1000,Seedling
OTU811,0,0,0,0,0,Clostridiales,1001,Seedling
OTU706,0,0,0,0,0,Clostridiales,1002,Seedling
OTU829,0,0,0,0,0,Clostridiales,1003,Seedling
OTU707,0,0,0,0,0,Clostridiales,1004,Seedling
OTU1759,0,0,0,0,0,Clostridiales,1005,Seedling
OTU747,0,0,0,0,0,Clostridiales,1006,Seedling
OTU882,0,0,0,0,0,Bifidobacteriales,1007,Seedling
OTU731,0,0,0,0,0,Clostridiales,1008,Seedling
OTU848,0,0,0,0,0,Rhizobiales,1009,Seedling
OTU1023,0,0,0,0,0,Streptosporangiales,1010,Seedling
OTU1083,0,0,0,0,0,Clostridiales,1011,Seedling
OTU889,0,0,0,0,0,Lactobacillales,1012,Seedling
OTU1016,0,0,0,0,0,Rhodospirillales,1013,Seedling
OTU738,0,0,0,0,0,Bacteroidales,1014,Seedling
OTU1031,0,0,0,0,0,Acidimicrobiales,1015,Seedling
OTU1449,0,0,0,0,0,Myxococcales,1016,Seedling
OTU1706,0,0,0,0,0,Clostridiales,1017,Seedling
OTU789,0,0,0,0,0,Clostridiales,1018,Seedling
OTU917,0,0,0,0,0,Bacteroidales,1019,Seedling
OTU807,0,0,0,0,0,Myxococcales,1020,Seedling
OTU870,0,0,0,0,0,Clostridiales,1021,Seedling
OTU880,0,0,0,0,0,Bacteroidales,1022,Seedling
OTU886,0,0,0,0,0,Sphingomonadales,1023,Seedling
OTU1032,0,0,0,0,0,Clostridiales,1024,Seedling
OTU754,0,0,0,0,0,Clostridiales,1025,Seedling
OTU791,0,0,0,0,0,Clostridiales,1026,Seedling
OTU1054,0,0,0,0,0,Clostridiales,1027,Seedling
OTU762,0,0,0,0,0,Bacteroidales,1028,Seedling
OTU955,0,0,0,0,0,Bacteroidales,1029,Seedling
OTU853,0,0,0,0,0,Unassigned,1030,Seedling
OTU975,0,0,0,0,0,SC-I-84,1031,Seedling
OTU1628,0,0,0,0,0,Selenomonadales,1032,Seedling
OTU920,0,0,0,0,0,Gaiellales,1033,Seedling
OTU1074,0,0,0,0,0,Sphingobacteriales,1034,Seedling
OTU1172,0,0,0,0,0,Rhodobacterales,1035,Seedling
OTU782,0,0,0,0,0,Unassigned,1036,Seedling
OTU794,0,0,0,0,0,Rhodospirillales,1037,Seedling
OTU892,0,0,0,0,0,Sphingomonadales,1038,Seedling
OTU869,0,0,0,0,0,Clostridiales,1039,Seedling
OTU766,0,0,0,0,0,Flavobacteriales,1040,Seedling
OTU785,0,0,0,0,0,Rhodospirillales,1041,Seedling
OTU849,0,0,0,0,0,Bacteroidales,1042,Seedling
OTU895,0,0,0,0,0,Clostridiales,1043,Seedling
OTU773,0,0,0,0,0,Desulfovibrionales,1044,Seedling
OTU1097,0,0,0,0,0,Bacteroidales,1045,Seedling
OTU768,0,0,0,0,0,Bacteroidales,1046,Seedling
OTU824,0,0,0,0,0,Sphingobacteriales,1047,Seedling
OTU864,0,0,0,0,0,Desulfovibrionales,1048,Seedling
OTU1293,0,0,0,0,0,Clostridiales,1049,Seedling
OTU803,0,0,0,0,0,Clostridiales,1050,Seedling
OTU1055,0,0,0,0,0,Bacteroidales,1051,Seedling
OTU1080,0,0,0,0,0,Acidimicrobiales,1052,Seedling
OTU1369,0,0,0,0,0,Spirochaetales,1053,Seedling
OTU1173,0,0,0,0,0,Rhodobacterales,1054,Seedling
OTU993,0,0,0,0,0,Clostridiales,1055,Seedling
OTU1170,0,0,0,0,0,Lactobacillales,1056,Seedling
OTU808,0,0,0,0,0,Sphingobacteriales,1057,Seedling
OTU899,0,0,0,0,0,Frankiales,1058,Seedling
OTU1008,0,0,0,0,0,Clostridiales,1059,Seedling
OTU788,0,0,0,0,0,Rhodospirillales,1060,Seedling
OTU796,0,0,0,0,0,Acidimicrobiales,1061,Seedling
OTU942,0,0,0,0,0,Sphingobacteriales,1062,Seedling
OTU883,0,0,0,0,0,Sphingobacteriales,1063,Seedling
OTU819,0,0,0,0,0,Sphingobacteriales,1064,Seedling
OTU771,0,0,0,0,0,Clostridiales,1065,Seedling
OTU1303,0,0,0,0,0,Clostridiales,1066,Seedling
OTU1370,0,0,0,0,0,Clostridiales,1067,Seedling
OTU901,0,0,0,0,0,Bacteroidales,1068,Seedling
OTU926,0,0,0,0,0,Sphingobacteriales,1069,Seedling
OTU943,0,0,0,0,0,Neisseriales,1070,Seedling
OTU1155,0,0,0,0,0,Rhizobiales,1071,Seedling
OTU874,0,0,0,0,0,Clostridiales,1072,Seedling
OTU1014,0,0,0,0,0,Rhodospirillales,1073,Seedling
OTU1061,0,0,0,0,0,Sphingobacteriales,1074,Seedling
OTU905,0,0,0,0,0,Bacteroidales,1075,Seedling
OTU1062,0,0,0,0,0,Neisseriales,1076,Seedling
OTU787,0,0,0,0,0,Xanthomonadales,1077,Seedling
OTU816,0,0,0,0,0,Clostridiales,1078,Seedling
OTU951,0,0,0,0,0,Acidimicrobiales,1079,Seedling
OTU1070,0,0,0,0,0,Bacteroidales,1080,Seedling
OTU1403,0,0,0,0,0,Clostridiales,1081,Seedling
OTU1039,0,0,0,0,0,Clostridiales,1082,Seedling
OTU1149,0,0,0,0,0,Bacteroidales,1083,Seedling
OTU1091,0,0,0,0,0,Clostridiales,1084,Seedling
OTU749,0,0,0,0,0,Sphingomonadales,1085,Seedling
OTU862,0,0,0,0,0,Rhodospirillales,1086,Seedling
OTU924,0,0,0,0,0,Rhizobiales,1087,Seedling
OTU925,0,0,0,0,0,Sphingobacteriales,1088,Seedling
OTU1104,0,0,0,0,0,Clostridiales,1089,Seedling
OTU776,0,0,0,0,0,Sphingobacteriales,1090,Seedling
OTU1005,0,0,0,0,0,Bacteroidales,1091,Seedling
OTU893,0,0,0,0,0,Rhodospirillales,1092,Seedling
OTU940,0,0,0,0,0,Bacteroidales,1093,Seedling
OTU1398,0,0,0,0,0,Acidimicrobiales,1094,Seedling
OTU801,0,0,0,0,0,Clostridiales,1095,Seedling
OTU881,0,0,0,0,0,Clostridiales,1096,Seedling
OTU916,0,0,0,0,0,Bacillales,1097,Seedling
OTU1035,0,0,0,0,0,Erysipelotrichales,1098,Seedling
OTU779,0,0,0,0,0,Coriobacteriales,1099,Seedling
OTU859,0,0,0,0,0,Burkholderiales,1100,Seedling
OTU856,0,0,0,0,0,Subgroup_2,1101,Seedling
OTU1199,0,0,0,0,0,Clostridiales,1102,Seedling
OTU1152,0,0,0,0,0,Clostridiales,1103,Seedling
OTU1230,0,0,0,0,0,Bacillales,1104,Seedling
OTU1494,0,0,0,0,0,Bacillales,1105,Seedling
OTU1566,0,0,0,0,0,Clostridiales,1106,Seedling
OTU1705,0,0,0,0,0,Unassigned,1107,Seedling
OTU792,0,0,0,0,0,Clostridiales,1108,Seedling
OTU1204,0,0,0,0,0,Frankiales,1109,Seedling
OTU1688,0,0,0,0,0,Bacteroidales,1110,Seedling
OTU1737,0,0,0,0,0,Corynebacteriales,1111,Seedling
OTU1564,0,0,0,0,0,Bacillales,1112,Seedling
OTU855,0,0,0,0,0,Rhodospirillales,1113,Seedling
OTU1475,0,0,0,0,0,Clostridiales,1114,Seedling
OTU809,0,0,0,0,0,Bacteroidales,1115,Seedling
OTU966,0,0,0,0,0,Sphingobacteriales,1116,Seedling
OTU932,0,0,0,0,0,Gemmatimonadales,1117,Seedling
OTU971,0,0,0,0,0,Burkholderiales,1118,Seedling
OTU1053,0,0,0,0,0,Clostridiales,1119,Seedling
OTU1086,0,0,0,0,0,Bacteroidales,1120,Seedling
OTU1280,0,0,0,0,0,Sphingobacteriales,1121,Seedling
OTU1299,0,0,0,0,0,Sphingobacteriales,1122,Seedling
OTU983,0,0,0,0,0,Deferribacterales,1123,Seedling
OTU1245,0,0,0,0,0,Rhizobiales,1124,Seedling
OTU851,0,0,0,0,0,Gaiellales,1125,Seedling
OTU914,0,0,0,0,0,Subgroup_3,1126,Seedling
OTU933,0,0,0,0,0,Rhodospirillales,1127,Seedling
OTU1003,0,0,0,0,0,Bacteroidales,1128,Seedling
OTU1107,0,0,0,0,0,Acidobacteriales,1129,Seedling
OTU913,0,0,0,0,0,Clostridiales,1130,Seedling
OTU1065,0,0,0,0,0,Sphingobacteriales,1131,Seedling
OTU1128,0,0,0,0,0,Corynebacteriales,1132,Seedling
OTU1420,0,0,0,0,0,Bacillales,1133,Seedling
OTU1521,0,0,0,0,0,Bacteroidales,1134,Seedling
OTU1591,0,0,0,0,0,Rhizobiales,1135,Seedling
OTU1629,0,0,0,0,0,Bacteroidales,1136,Seedling
OTU967,0,0,0,0,0,Clostridiales,1137,Seedling
OTU1093,0,0,0,0,0,Unassigned,1138,Seedling
OTU1300,0,0,0,0,0,Clostridiales,1139,Seedling
OTU1481,0,0,0,0,0,Xanthomonadales,1140,Seedling
OTU1410,0,0,0,0,0,Rhodocyclales,1141,Seedling
OTU1593,0,0,0,0,0,Solirubrobacterales,1142,Seedling
OTU798,0,0,0,0,0,Desulfovibrionales,1143,Seedling
OTU918,0,0,0,0,0,Clostridiales,1144,Seedling
OTU820,0,0,0,0,0,Clostridiales,1145,Seedling
OTU1177,0,0,0,0,0,Bacteroidales,1146,Seedling
OTU1468,0,0,0,0,0,Clostridiales,1147,Seedling
OTU1007,0,0,0,0,0,Bacteroidales,1148,Seedling
OTU1506,0,0,0,0,0,Rhodobacterales,1149,Seedling
OTU937,0,0,0,0,0,Unassigned,1150,Seedling
OTU962,0,0,0,0,0,Erysipelotrichales,1151,Seedling
OTU1069,0,0,0,0,0,Rhodobacterales,1152,Seedling
OTU961,0,0,0,0,0,Flavobacteriales,1153,Seedling
OTU1081,0,0,0,0,0,Pseudonocardiales,1154,Seedling
OTU1360,0,0,0,0,0,Clostridiales,1155,Seedling
OTU812,0,0,0,0,0,Clostridiales,1156,Seedling
OTU984,0,0,0,0,0,Clostridiales,1157,Seedling
OTU1528,0,0,0,0,0,Clostridiales,1158,Seedling
OTU1002,0,0,0,0,0,Unassigned,1159,Seedling
OTU1071,0,0,0,0,0,Desulfuromonadales,1160,Seedling
OTU1129,0,0,0,0,0,Desulfovibrionales,1161,Seedling
OTU1043,0,0,0,0,0,Burkholderiales,1162,Seedling
OTU1288,0,0,0,0,0,Desulfuromonadales,1163,Seedling
OTU1281,0,0,0,0,0,Acidimicrobiales,1164,Seedling
OTU1036,0,0,0,0,0,Ignavibacteriales,1165,Seedling
OTU1426,0,0,0,0,0,Bacteroidales,1166,Seedling
OTU1033,0,0,0,0,0,SAR11_clade,1167,Seedling
OTU1160,0,0,0,0,0,Rhizobiales,1168,Seedling
OTU1268,0,0,0,0,0,Clostridiales,1169,Seedling
OTU1376,0,0,0,0,0,Flavobacteriales,1170,Seedling
OTU980,0,0,0,0,0,Rhodospirillales,1171,Seedling
OTU986,0,0,0,0,0,Clostridiales,1172,Seedling
OTU1132,0,0,0,0,0,Sphingobacteriales,1173,Seedling
OTU1206,0,0,0,0,0,Pseudonocardiales,1174,Seedling
OTU1227,0,0,0,0,0,Burkholderiales,1175,Seedling
OTU1535,0,0,0,0,0,Thermoanaerobacterales,1176,Seedling
OTU978,0,0,0,0,0,Sphingobacteriales,1177,Seedling
OTU1020,0,0,0,0,0,Clostridiales,1178,Seedling
OTU1855,0,0,0,0,0,Solirubrobacterales,1179,Seedling
OTU954,0,0,0,0,0,Unassigned,1180,Seedling
OTU1391,0,0,0,0,0,Lactobacillales,1181,Seedling
OTU1130,0,0,0,0,0,Sphingobacteriales,1182,Seedling
OTU1349,0,0,0,0,0,Bacillales,1183,Seedling
OTU1175,0,0,0,0,0,Clostridiales,1184,Seedling
OTU1438,0,0,0,0,0,Rhodospirillales,1185,Seedling
OTU963,0,0,0,0,0,Sphingobacteriales,1186,Seedling
OTU1072,0,0,0,0,0,Nitrospirales,1187,Seedling
OTU1848,0,0,0,0,0,Bacteroidales,1188,Seedling
OTU1188,0,0,0,0,0,Bacillales,1189,Seedling
OTU935,0,0,0,0,0,Clostridiales,1190,Seedling
OTU1034,0,0,0,0,0,Flavobacteriales,1191,Seedling
OTU1077,0,0,0,0,0,Rhodospirillales,1192,Seedling
OTU1139,0,0,0,0,0,Subgroup_3,1193,Seedling
OTU994,0,0,0,0,0,Clostridiales,1194,Seedling
OTU1042,0,0,0,0,0,Sphingobacteriales,1195,Seedling
OTU1047,0,0,0,0,0,Clostridiales,1196,Seedling
OTU1470,0,0,0,0,0,Clostridiales,1197,Seedling
OTU1483,0,0,0,0,0,Sphingobacteriales,1198,Seedling
OTU1103,0,0,0,0,0,Flavobacteriales,1199,Seedling
OTU1306,0,0,0,0,0,Clostridiales,1200,Seedling
OTU1413,0,0,0,0,0,Clostridiales,1201,Seedling
OTU1798,0,0,0,0,0,Acidobacteriales,1202,Seedling
OTU1102,0,0,0,0,0,Methylococcales,1203,Seedling
OTU1159,0,0,0,0,0,Nitrosomonadales,1204,Seedling
OTU1258,0,0,0,0,0,Bacillales,1205,Seedling
OTU1387,0,0,0,0,0,Clostridiales,1206,Seedling
OTU1682,0,0,0,0,0,Clostridiales,1207,Seedling
OTU1184,0,0,0,0,0,Myxococcales,1208,Seedling
OTU1613,0,0,0,0,0,Flavobacteriales,1209,Seedling
OTU1099,0,0,0,0,0,Clostridiales,1210,Seedling
OTU1049,0,0,0,0,0,Clostridiales,1211,Seedling
OTU1215,0,0,0,0,0,Bacteroidales,1212,Seedling
OTU1389,0,0,0,0,0,Clostridiales,1213,Seedling
OTU1019,0,0,0,0,0,Clostridiales,1214,Seedling
OTU1194,0,0,0,0,0,Bacteroidales,1215,Seedling
OTU1220,0,0,0,0,0,Rhodospirillales,1216,Seedling
OTU1368,0,0,0,0,0,Subgroup_3,1217,Seedling
OTU991,0,0,0,0,0,Bacteroidales,1218,Seedling
OTU1201,0,0,0,0,0,Sphingobacteriales,1219,Seedling
OTU1543,0,0,0,0,0,Xanthomonadales,1220,Seedling
OTU987,0,0,0,0,0,Rhodospirillales,1221,Seedling
OTU1027,0,0,0,0,0,Micrococcales,1222,Seedling
OTU1045,0,0,0,0,0,Sphingobacteriales,1223,Seedling
OTU1500,0,0,0,0,0,Clostridiales,1224,Seedling
OTU1310,0,0,0,0,0,Hydrogenophilales,1225,Seedling
OTU1312,0,0,0,0,0,Caulobacterales,1226,Seedling
OTU1393,0,0,0,0,0,Clostridiales,1227,Seedling
OTU1225,0,0,0,0,0,Burkholderiales,1228,Seedling
OTU1440,0,0,0,0,0,Sphingobacteriales,1229,Seedling
OTU1598,0,0,0,0,0,Pseudonocardiales,1230,Seedling
OTU1686,0,0,0,0,0,Clostridiales,1231,Seedling
OTU1872,0,0,0,0,0,Clostridiales,1232,Seedling
OTU1041,0,0,0,0,0,Gemmatimonadales,1233,Seedling
OTU1073,0,0,0,0,0,Sphingobacteriales,1234,Seedling
OTU1122,0,0,0,0,0,Clostridiales,1235,Seedling
OTU1156,0,0,0,0,0,Syntrophobacterales,1236,Seedling
OTU1397,0,0,0,0,0,Xanthomonadales,1237,Seedling
OTU1416,0,0,0,0,0,Flavobacteriales,1238,Seedling
OTU1650,0,0,0,0,0,Caulobacterales,1239,Seedling
OTU1842,0,0,0,0,0,Clostridiales,1240,Seedling
OTU1111,0,0,0,0,0,Clostridiales,1241,Seedling
OTU1265,0,0,0,0,0,Erysipelotrichales,1242,Seedling
OTU1692,0,0,0,0,0,Clostridiales,1243,Seedling
OTU1867,0,0,0,0,0,Acidimicrobiales,1244,Seedling
OTU976,0,0,0,0,0,Clostridiales,1245,Seedling
OTU1113,0,0,0,0,0,Clostridiales,1246,Seedling
OTU1488,0,0,0,0,0,Sphingobacteriales,1247,Seedling
OTU1516,0,0,0,0,0,Clostridiales,1248,Seedling
OTU1051,0,0,0,0,0,Corynebacteriales,1249,Seedling
OTU1056,0,0,0,0,0,Clostridiales,1250,Seedling
OTU1058,0,0,0,0,0,Bacteroidales,1251,Seedling
OTU1222,0,0,0,0,0,Syntrophobacterales,1252,Seedling
OTU1409,0,0,0,0,0,Streptosporangiales,1253,Seedling
OTU1547,0,0,0,0,0,Burkholderiales,1254,Seedling
OTU1017,0,0,0,0,0,Clostridiales,1255,Seedling
OTU1228,0,0,0,0,0,Propionibacteriales,1256,Seedling
OTU1249,0,0,0,0,0,Rhodospirillales,1257,Seedling
OTU1605,0,0,0,0,0,Cytophagales,1258,Seedling
OTU1209,0,0,0,0,0,Myxococcales,1259,Seedling
OTU1210,0,0,0,0,0,Bacteroidales,1260,Seedling
OTU1282,0,0,0,0,0,Burkholderiales,1261,Seedling
OTU1345,0,0,0,0,0,Bacteroidales,1262,Seedling
OTU1804,0,0,0,0,0,Caulobacterales,1263,Seedling
OTU1098,0,0,0,0,0,Clostridiales,1264,Seedling
OTU1193,0,0,0,0,0,Coriobacteriales,1265,Seedling
OTU1221,0,0,0,0,0,Sphingobacteriales,1266,Seedling
OTU1864,0,0,0,0,0,S0134_terrestrial_group,1267,Seedling
OTU1239,0,0,0,0,0,Clostridiales,1268,Seedling
OTU1302,0,0,0,0,0,Bacteroidales,1269,Seedling
OTU1634,0,0,0,0,0,Bacteroidales,1270,Seedling
OTU1223,0,0,0,0,0,Nitrospirales,1271,Seedling
OTU1291,0,0,0,0,0,Desulfuromonadales,1272,Seedling
OTU1680,0,0,0,0,0,Clostridiales,1273,Seedling
OTU1743,0,0,0,0,0,Clostridiales,1274,Seedling
OTU1317,0,0,0,0,0,Clostridiales,1275,Seedling
OTU1459,0,0,0,0,0,Bacteroidales,1276,Seedling
OTU1504,0,0,0,0,0,Burkholderiales,1277,Seedling
OTU1180,0,0,0,0,0,Rhizobiales,1278,Seedling
OTU1362,0,0,0,0,0,Clostridiales,1279,Seedling
OTU1607,0,0,0,0,0,Clostridiales,1280,Seedling
OTU1676,0,0,0,0,0,Bacteroidales,1281,Seedling
OTU1191,0,0,0,0,0,Clostridiales,1282,Seedling
OTU1247,0,0,0,0,0,Burkholderiales,1283,Seedling
OTU1277,0,0,0,0,0,Sphingobacteriales,1284,Seedling
OTU1456,0,0,0,0,0,Bacillales,1285,Seedling
OTU1632,0,0,0,0,0,Bacteroidales,1286,Seedling
OTU1151,0,0,0,0,0,Bacteroidales,1287,Seedling
OTU1231,0,0,0,0,0,Acidimicrobiales,1288,Seedling
OTU1259,0,0,0,0,0,Acidimicrobiales,1289,Seedling
OTU1275,0,0,0,0,0,Rhodospirillales,1290,Seedling
OTU1298,0,0,0,0,0,Rhodospirillales,1291,Seedling
OTU1319,0,0,0,0,0,Sphingobacteriales,1292,Seedling
OTU1327,0,0,0,0,0,Burkholderiales,1293,Seedling
OTU1406,0,0,0,0,0,Myxococcales,1294,Seedling
OTU1572,0,0,0,0,0,Bacteroidales,1295,Seedling
OTU1652,0,0,0,0,0,Clostridiales,1296,Seedling
OTU1691,0,0,0,0,0,Bacteroidales,1297,Seedling
OTU1198,0,0,0,0,0,Rhodospirillales,1298,Seedling
OTU1219,0,0,0,0,0,Gemmatimonadales,1299,Seedling
OTU1321,0,0,0,0,0,Unassigned,1300,Seedling
OTU1332,0,0,0,0,0,Clostridiales,1301,Seedling
OTU1354,0,0,0,0,0,Clostridiales,1302,Seedling
OTU1373,0,0,0,0,0,Oligoflexales,1303,Seedling
OTU1407,0,0,0,0,0,Sphingobacteriales,1304,Seedling
OTU1526,0,0,0,0,0,Acidobacteriales,1305,Seedling
OTU1580,0,0,0,0,0,Clostridiales,1306,Seedling
OTU1635,0,0,0,0,0,Clostridiales,1307,Seedling
OTU1127,0,0,0,0,0,Clostridiales,1308,Seedling
OTU1337,0,0,0,0,0,Subgroup_3,1309,Seedling
OTU1361,0,0,0,0,0,Clostridiales,1310,Seedling
OTU1624,0,0,0,0,0,Rhodobacterales,1311,Seedling
OTU1316,0,0,0,0,0,Unassigned,1312,Seedling
OTU1595,0,0,0,0,0,Streptosporangiales,1313,Seedling
OTU1641,0,0,0,0,0,Chromatiales,1314,Seedling
OTU1829,0,0,0,0,0,Clostridiales,1315,Seedling
OTU1216,0,0,0,0,0,Oligoflexales,1316,Seedling
OTU1643,0,0,0,0,0,Subgroup_3,1317,Seedling
OTU1285,0,0,0,0,0,Clostridiales,1318,Seedling
OTU1430,0,0,0,0,0,Burkholderiales,1319,Seedling
OTU1740,0,0,0,0,0,Burkholderiales,1320,Seedling
OTU1144,0,0,0,0,0,Rhodobacterales,1321,Seedling
OTU1150,0,0,0,0,0,Bacteroidales,1322,Seedling
OTU1313,0,0,0,0,0,Sphingobacteriales,1323,Seedling
OTU1320,0,0,0,0,0,Sphingobacteriales,1324,Seedling
OTU1439,0,0,0,0,0,Burkholderiales,1325,Seedling
OTU1525,0,0,0,0,0,Subgroup_3,1326,Seedling
OTU1608,0,0,0,0,0,Bacillales,1327,Seedling
OTU1837,0,0,0,0,0,Clostridiales,1328,Seedling
OTU1876,0,0,0,0,0,Acidimicrobiales,1329,Seedling
OTU1174,0,0,0,0,0,Bacteroidales,1330,Seedling
OTU1289,0,0,0,0,0,Rhodospirillales,1331,Seedling
OTU1429,0,0,0,0,0,Bacteroidales,1332,Seedling
OTU1503,0,0,0,0,0,Clostridiales,1333,Seedling
OTU1577,0,0,0,0,0,Bacteroidales,1334,Seedling
OTU1708,0,0,0,0,0,Caulobacterales,1335,Seedling
OTU1787,0,0,0,0,0,Sphingobacteriales,1336,Seedling
OTU1233,0,0,0,0,0,Unassigned,1337,Seedling
OTU1380,0,0,0,0,0,Unassigned,1338,Seedling
OTU1514,0,0,0,0,0,Sphingobacteriales,1339,Seedling
OTU1588,0,0,0,0,0,Xanthomonadales,1340,Seedling
OTU1751,0,0,0,0,0,Clostridiales,1341,Seedling
OTU1823,0,0,0,0,0,Bacillales,1342,Seedling
OTU1190,0,0,0,0,0,Unassigned,1343,Seedling
OTU1253,0,0,0,0,0,Oceanospirillales,1344,Seedling
OTU1269,0,0,0,0,0,Sphingobacteriales,1345,Seedling
OTU1270,0,0,0,0,0,Rhizobiales,1346,Seedling
OTU1304,0,0,0,0,0,Clostridiales,1347,Seedling
OTU1464,0,0,0,0,0,Clostridiales,1348,Seedling
OTU1522,0,0,0,0,0,Bacteroidales,1349,Seedling
OTU1639,0,0,0,0,0,Rhodobacterales,1350,Seedling
OTU1687,0,0,0,0,0,Clostridiales,1351,Seedling
OTU1696,0,0,0,0,0,Bacteroidales,1352,Seedling
OTU1742,0,0,0,0,0,Bacteroidales,1353,Seedling
OTU1260,0,0,0,0,0,Cytophagales,1354,Seedling
OTU1278,0,0,0,0,0,Neisseriales,1355,Seedling
OTU1394,0,0,0,0,0,Clostridiales,1356,Seedling
OTU1434,0,0,0,0,0,Clostridiales,1357,Seedling
OTU1538,0,0,0,0,0,Spirochaetales,1358,Seedling
OTU1746,0,0,0,0,0,Clostridiales,1359,Seedling
OTU1862,0,0,0,0,0,Lactobacillales,1360,Seedling
OTU1171,0,0,0,0,0,Clostridiales,1361,Seedling
OTU1462,0,0,0,0,0,Clostridiales,1362,Seedling
OTU1484,0,0,0,0,0,Unassigned,1363,Seedling
OTU1677,0,0,0,0,0,Bacteroidales,1364,Seedling
OTU1817,0,0,0,0,0,Bacillales,1365,Seedling
OTU1263,0,0,0,0,0,Erysipelotrichales,1366,Seedling
OTU1294,0,0,0,0,0,Clostridiales,1367,Seedling
OTU1311,0,0,0,0,0,Gemmatimonadales,1368,Seedling
OTU1396,0,0,0,0,0,Myxococcales,1369,Seedling
OTU1404,0,0,0,0,0,Bdellovibrionales,1370,Seedling
OTU1702,0,0,0,0,0,Clostridiales,1371,Seedling
OTU1893,0,0,0,0,0,Holophagales,1372,Seedling
OTU1355,0,0,0,0,0,Bacteroidales,1373,Seedling
OTU1411,0,0,0,0,0,Clostridiales,1374,Seedling
OTU1427,0,0,0,0,0,Bacteroidales,1375,Seedling
OTU1477,0,0,0,0,0,Sphingobacteriales,1376,Seedling
OTU1482,0,0,0,0,0,Xanthomonadales,1377,Seedling
OTU1505,0,0,0,0,0,Bacteroidales,1378,Seedling
OTU1508,0,0,0,0,0,Rhizobiales,1379,Seedling
OTU1558,0,0,0,0,0,Sphingobacteriales,1380,Seedling
OTU1717,0,0,0,0,0,Desulfovibrionales,1381,Seedling
OTU1301,0,0,0,0,0,Spirochaetales,1382,Seedling
OTU1460,0,0,0,0,0,Clostridiales,1383,Seedling
OTU1569,0,0,0,0,0,Bacteroidales,1384,Seedling
OTU1816,0,0,0,0,0,Clostridiales,1385,Seedling
OTU1473,0,0,0,0,0,GR-WP33-30,1386,Seedling
OTU1490,0,0,0,0,0,Rhizobiales,1387,Seedling
OTU1573,0,0,0,0,0,Bacteroidales,1388,Seedling
OTU1625,0,0,0,0,0,Clostridiales,1389,Seedling
OTU1309,0,0,0,0,0,Subgroup_3,1390,Seedling
OTU1356,0,0,0,0,0,Clostridiales,1391,Seedling
OTU1401,0,0,0,0,0,Nitrospirales,1392,Seedling
OTU1630,0,0,0,0,0,Burkholderiales,1393,Seedling
OTU1631,0,0,0,0,0,Bacteroidales,1394,Seedling
OTU1466,0,0,0,0,0,Bacteroidales,1395,Seedling
OTU1559,0,0,0,0,0,Sphingomonadales,1396,Seedling
OTU1560,0,0,0,0,0,Obscuribacterales,1397,Seedling
OTU1579,0,0,0,0,0,Bacteroidales,1398,Seedling
OTU1592,0,0,0,0,0,Syntrophobacterales,1399,Seedling
OTU1336,0,0,0,0,0,Bacteroidales,1400,Seedling
OTU1847,0,0,0,0,0,Clostridiales,1401,Seedling
OTU1379,0,0,0,0,0,Unassigned,1402,Seedling
OTU1698,0,0,0,0,0,Bacteroidales,1403,Seedling
OTU1699,0,0,0,0,0,Bacteroidales,1404,Seedling
OTU1718,0,0,0,0,0,S0134_terrestrial_group,1405,Seedling
OTU1747,0,0,0,0,0,Clostridiales,1406,Seedling
OTU1802,0,0,0,0,0,Frankiales,1407,Seedling
OTU1819,0,0,0,0,0,Corynebacteriales,1408,Seedling
OTU1352,0,0,0,0,0,Gemmatimonadales,1409,Seedling
OTU1450,0,0,0,0,0,Clostridiales,1410,Seedling
OTU1669,0,0,0,0,0,Pseudomonadales,1411,Seedling
OTU1678,0,0,0,0,0,Erysipelotrichales,1412,Seedling
OTU1701,0,0,0,0,0,Bacteroidales,1413,Seedling
OTU1755,0,0,0,0,0,Erysipelotrichales,1414,Seedling
OTU1822,0,0,0,0,0,Unknown_Order,1415,Seedling
OTU1827,0,0,0,0,0,Ktedonobacterales,1416,Seedling
OTU1308,0,0,0,0,0,Oligoflexales,1417,Seedling
OTU1371,0,0,0,0,0,Sphingobacteriales,1418,Seedling
OTU1654,0,0,0,0,0,Neisseriales,1419,Seedling
OTU1665,0,0,0,0,0,Unassigned,1420,Seedling
OTU1776,0,0,0,0,0,Myxococcales,1421,Seedling
OTU1357,0,0,0,0,0,Clostridiales,1422,Seedling
OTU1534,0,0,0,0,0,Rhizobiales,1423,Seedling
OTU1549,0,0,0,0,0,Rhodocyclales,1424,Seedling
OTU1563,0,0,0,0,0,Micromonosporales,1425,Seedling
OTU1758,0,0,0,0,0,Clostridiales,1426,Seedling
OTU1769,0,0,0,0,0,Rhodospirillales,1427,Seedling
OTU1884,0,0,0,0,0,Burkholderiales,1428,Seedling
OTU1497,0,0,0,0,0,Unassigned,1429,Seedling
OTU1623,0,0,0,0,0,Burkholderiales,1430,Seedling
OTU1658,0,0,0,0,0,Unassigned,1431,Seedling
OTU1424,0,0,0,0,0,Bacteroidales,1432,Seedling
OTU1493,0,0,0,0,0,Corynebacteriales,1433,Seedling
OTU1789,0,0,0,0,0,Rhizobiales,1434,Seedling
OTU1791,0,0,0,0,0,Unassigned,1435,Seedling
OTU1805,0,0,0,0,0,Clostridiales,1436,Seedling
OTU1845,0,0,0,0,0,Selenomonadales,1437,Seedling
OTU1348,0,0,0,0,0,Rhodospirillales,1438,Seedling
OTU1422,0,0,0,0,0,Unassigned,1439,Seedling
OTU1485,0,0,0,0,0,Acidobacteriales,1440,Seedling
OTU1499,0,0,0,0,0,Bacillales,1441,Seedling
OTU1527,0,0,0,0,0,Clostridiales,1442,Seedling
OTU1539,0,0,0,0,0,Clostridiales,1443,Seedling
OTU1647,0,0,0,0,0,Unassigned,1444,Seedling
OTU1649,0,0,0,0,0,Spirochaetales,1445,Seedling
OTU1664,0,0,0,0,0,Burkholderiales,1446,Seedling
OTU1694,0,0,0,0,0,Clostridiales,1447,Seedling
OTU1736,0,0,0,0,0,Thermogemmatisporales,1448,Seedling
OTU1347,0,0,0,0,0,Clostridiales,1449,Seedling
OTU1385,0,0,0,0,0,Unassigned,1450,Seedling
OTU1414,0,0,0,0,0,NKB5,1451,Seedling
OTU1568,0,0,0,0,0,Clostridiales,1452,Seedling
OTU1700,0,0,0,0,0,Desulfovibrionales,1453,Seedling
OTU1777,0,0,0,0,0,Flavobacteriales,1454,Seedling
OTU1779,0,0,0,0,0,Xanthomonadales,1455,Seedling
OTU1793,0,0,0,0,0,Rhodospirillales,1456,Seedling
OTU1843,0,0,0,0,0,Desulfovibrionales,1457,Seedling
OTU1444,0,0,0,0,0,Clostridiales,1458,Seedling
OTU1546,0,0,0,0,0,Unassigned,1459,Seedling
OTU1619,0,0,0,0,0,Streptomycetales,1460,Seedling
OTU1651,0,0,0,0,0,Caulobacterales,1461,Seedling
OTU1655,0,0,0,0,0,Unassigned,1462,Seedling
OTU1685,0,0,0,0,0,Clostridiales,1463,Seedling
OTU1697,0,0,0,0,0,Bacteroidales,1464,Seedling
OTU1756,0,0,0,0,0,Desulfovibrionales,1465,Seedling
OTU1382,0,0,0,0,0,Clostridiales,1466,Seedling
OTU1428,0,0,0,0,0,Clostridiales,1467,Seedling
OTU1640,0,0,0,0,0,Solirubrobacterales,1468,Seedling
OTU1753,0,0,0,0,0,Clostridiales,1469,Seedling
OTU1796,0,0,0,0,0,Clostridiales,1470,Seedling
OTU1811,0,0,0,0,0,Pseudomonadales,1471,Seedling
OTU1882,0,0,0,0,0,Rhodospirillales,1472,Seedling
OTU1890,0,0,0,0,0,Bacillales,1473,Seedling
OTU1548,0,0,0,0,0,Chloroflexales,1474,Seedling
OTU1719,0,0,0,0,0,Oligoflexales,1475,Seedling
OTU1767,0,0,0,0,0,Subgroup_3,1476,Seedling
OTU1832,0,0,0,0,0,Clostridiales,1477,Seedling
OTU1879,0,0,0,0,0,Ignavibacteriales,1478,Seedling
OTU1672,0,0,0,0,0,Clostridiales,1479,Seedling
OTU1726,0,0,0,0,0,Clostridiales,1480,Seedling
OTU1749,0,0,0,0,0,Clostridiales,1481,Seedling
OTU1774,0,0,0,0,0,Lactobacillales,1482,Seedling
OTU1870,0,0,0,0,0,AT425-EubC11_terrestrial_group,1483,Seedling
OTU1892,0,0,0,0,0,PeM15,1484,Seedling
OTU1453,0,0,0,0,0,Corynebacteriales,1485,Seedling
OTU1553,0,0,0,0,0,Rhizobiales,1486,Seedling
OTU1555,0,0,0,0,0,Flavobacteriales,1487,Seedling
OTU1582,0,0,0,0,0,Spirochaetales,1488,Seedling
OTU1648,0,0,0,0,0,Myxococcales,1489,Seedling
OTU1818,0,0,0,0,0,Bacillales,1490,Seedling
OTU1544,0,0,0,0,0,Gemmatimonadales,1491,Seedling
OTU1626,0,0,0,0,0,Clostridiales,1492,Seedling
OTU1704,0,0,0,0,0,Oligoflexales,1493,Seedling
OTU1752,0,0,0,0,0,Clostridiales,1494,Seedling
OTU1764,0,0,0,0,0,Sphingobacteriales,1495,Seedling
OTU1785,0,0,0,0,0,Methylophilales,1496,Seedling
OTU1790,0,0,0,0,0,Nitrosomonadales,1497,Seedling
OTU1812,0,0,0,0,0,Solirubrobacterales,1498,Seedling
OTU1841,0,0,0,0,0,Cellvibrionales,1499,Seedling
OTU1725,0,0,0,0,0,Corynebacteriales,1500,Seedling
OTU1839,0,0,0,0,0,Clostridiales,1501,Seedling
OTU1888,0,0,0,0,0,Unassigned,1502,Seedling
OTU1510,0,0,0,0,0,Clostridiales,1503,Seedling
OTU1671,0,0,0,0,0,Clostridiales,1504,Seedling
OTU1679,0,0,0,0,0,Clostridiales,1505,Seedling
OTU1733,0,0,0,0,0,Streptosporangiales,1506,Seedling
OTU1754,0,0,0,0,0,Clostridiales,1507,Seedling
OTU1834,0,0,0,0,0,Flavobacteriales,1508,Seedling
OTU1851,0,0,0,0,0,Unassigned,1509,Seedling
OTU1574,0,0,0,0,0,Corynebacteriales,1510,Seedling
OTU1693,0,0,0,0,0,Bacteroidales,1511,Seedling
OTU1695,0,0,0,0,0,Bacteroidales,1512,Seedling
OTU1757,0,0,0,0,0,Clostridiales,1513,Seedling
OTU1846,0,0,0,0,0,Bacteroidales,1514,Seedling
OTU1857,0,0,0,0,0,Bacillales,1515,Seedling
OTU1871,0,0,0,0,0,Nitrospirales,1516,Seedling
OTU1657,0,0,0,0,0,Unassigned,1517,Seedling
OTU1659,0,0,0,0,0,Flavobacteriales,1518,Seedling
OTU1683,0,0,0,0,0,Clostridiales,1519,Seedling
OTU1690,0,0,0,0,0,Clostridiales,1520,Seedling
OTU1868,0,0,0,0,0,Subgroup_3,1521,Seedling
OTU1739,0,0,0,0,0,AT425-EubC11_terrestrial_group,1522,Seedling
OTU1780,0,0,0,0,0,Acidimicrobiales,1523,Seedling
OTU1838,0,0,0,0,0,Clostridiales,1524,Seedling
OTU1881,0,0,0,0,0,Sphingobacteriales,1525,Seedling
OTU1451,0,0,0,0,0,Clostridiales,1526,Seedling
OTU1670,0,0,0,0,0,Sphingobacteriales,1527,Seedling
OTU1783,0,0,0,0,0,Xanthomonadales,1528,Seedling
OTU1786,0,0,0,0,0,Gemmatimonadales,1529,Seedling
OTU1877,0,0,0,0,0,Sphingobacteriales,1530,Seedling
OTU1523,0,0,0,0,0,Rhizobiales,1531,Seedling
OTU1663,0,0,0,0,0,Unassigned,1532,Seedling
OTU1773,0,0,0,0,0,Bacteroidales,1533,Seedling
OTU1825,0,0,0,0,0,Rhodospirillales,1534,Seedling
OTU1831,0,0,0,0,0,Clostridiales,1535,Seedling
OTU1581,0,0,0,0,0,Xanthomonadales,1536,Seedling
OTU1724,0,0,0,0,0,Clostridiales,1537,Seedling
OTU1801,0,0,0,0,0,Lineage_IIa,1538,Seedling
OTU1815,0,0,0,0,0,Bacillales,1539,Seedling
OTU1821,0,0,0,0,0,Unassigned,1540,Seedling
OTU1875,0,0,0,0,0,Rhodospirillales,1541,Seedling
